phase24_case_key,seed,run_name,run_root,maps_path,summary_path,batch_index,sample_index,split,location,event,start_idx,input_steps,pred_steps,alignment_mode,scenario_key,warning_level,risk_score,risk_category,phase23_case_role,phase23_selection_basis,prediction_key,target_key,wet_threshold,target_inundation_volume,predicted_inundation_volume,volume_bias,relative_volume_bias,target_wet_area,predicted_wet_area,wet_area_bias,wet_area_contraction
seed123|batch0|sample0|location1|r100y_p0.5_d3h|0,seed123,phase10_margin_aware_boundary_band_seed123_40e,runs\phase10_margin_aware_boundary_band_seed123_40e,runs\phase10_margin_aware_boundary_band_seed123_40e\evaluation_test\test_batch_0000\forecast_maps.npz,runs\phase10_margin_aware_boundary_band_seed123_40e\evaluation_test\test_batch_0000\summary.json,0,0,test,location1,r100y_p0.5_d3h,0,12,12,mass_preserving,location1|r100y_p0.5_d3h|0,reliable,0.5628811465208514,reliable,,,prediction,target,0.05,12705.188175789435,12389.717896312475,-315.47027947696006,-0.024830035975233273,37051,35362,-1689,0.04558581414806618
seed123|batch0|sample1|location1|r100y_p0.5_d3h|6,seed123,phase10_margin_aware_boundary_band_seed123_40e,runs\phase10_margin_aware_boundary_band_seed123_40e,runs\phase10_margin_aware_boundary_band_seed123_40e\evaluation_test\test_batch_0000\forecast_maps.npz,runs\phase10_margin_aware_boundary_band_seed123_40e\evaluation_test\test_batch_0000\summary.json,0,1,test,location1,r100y_p0.5_d3h,6,12,12,mass_preserving,location1|r100y_p0.5_d3h|6,reliable,0.10639864603678383,reliable,reliable,"Selected as the lowest-risk reliable-labeled case using risk score, false-dry, boundary, RMSE, and stable identity tie-breaks.",prediction,target,0.05,11008.920740269445,11054.191068425775,45.270328156329924,0.004112149521681626,31376,31901,525,0.0
seed123|batch1|sample0|location1|r100y_p0.5_d3h|12,seed123,phase10_margin_aware_boundary_band_seed123_40e,runs\phase10_margin_aware_boundary_band_seed123_40e,runs\phase10_margin_aware_boundary_band_seed123_40e\evaluation_test\test_batch_0001\forecast_maps.npz,runs\phase10_margin_aware_boundary_band_seed123_40e\evaluation_test\test_batch_0001\summary.json,1,0,test,location1,r100y_p0.5_d3h,12,12,12,mass_preserving,location1|r100y_p0.5_d3h|12,reliable,0.20431111653645834,reliable,,,prediction,target,0.05,8663.101240284941,10037.582884028554,1374.481643743613,0.1586593075181936,25826,29509,3683,0.0
seed123|batch1|sample1|location1|r200y_p0.5_d3h|0,seed123,phase10_margin_aware_boundary_band_seed123_40e,runs\phase10_margin_aware_boundary_band_seed123_40e,runs\phase10_margin_aware_boundary_band_seed123_40e\evaluation_test\test_batch_0001\forecast_maps.npz,runs\phase10_margin_aware_boundary_band_seed123_40e\evaluation_test\test_batch_0001\summary.json,1,1,test,location1,r200y_p0.5_d3h,0,12,12,mass_preserving,location1|r200y_p0.5_d3h|0,reliable,0.8703751447502213,reliable,,,prediction,target,0.05,13785.28121613462,12351.552890881896,-1433.7283252527232,-0.10400428564160545,38486,34826,-3660,0.09509951670737411
seed123|batch2|sample0|location1|r200y_p0.5_d3h|6,seed123,phase10_margin_aware_boundary_band_seed123_40e,runs\phase10_margin_aware_boundary_band_seed123_40e,runs\phase10_margin_aware_boundary_band_seed123_40e\evaluation_test\test_batch_0002\forecast_maps.npz,runs\phase10_margin_aware_boundary_band_seed123_40e\evaluation_test\test_batch_0002\summary.json,2,0,test,location1,r200y_p0.5_d3h,6,12,12,mass_preserving,location1|r200y_p0.5_d3h|6,reliable,0.17221854177334223,reliable,,,prediction,target,0.05,11915.712958564984,11320.261226862669,-595.4517317023146,-0.04997197681522745,32621,32162,-459,0.01407069065939119
seed123|batch2|sample1|location1|r200y_p0.5_d3h|12,seed123,phase10_margin_aware_boundary_band_seed123_40e,runs\phase10_margin_aware_boundary_band_seed123_40e,runs\phase10_margin_aware_boundary_band_seed123_40e\evaluation_test\test_batch_0002\forecast_maps.npz,runs\phase10_margin_aware_boundary_band_seed123_40e\evaluation_test\test_batch_0002\summary.json,2,1,test,location1,r200y_p0.5_d3h,12,12,12,mass_preserving,location1|r200y_p0.5_d3h|12,reliable,0.19036871592203775,reliable,,,prediction,target,0.05,9448.001348433436,10252.76064580679,804.7592973733535,0.08517772888620406,26951,29751,2800,0.0
seed123|batch3|sample0|location1|r300y_p0.6_d3h|0,seed123,phase10_margin_aware_boundary_band_seed123_40e,runs\phase10_margin_aware_boundary_band_seed123_40e,runs\phase10_margin_aware_boundary_band_seed123_40e\evaluation_test\test_batch_0003\forecast_maps.npz,runs\phase10_margin_aware_boundary_band_seed123_40e\evaluation_test\test_batch_0003\summary.json,3,0,test,location1,r300y_p0.6_d3h,0,12,12,mass_preserving,location1|r300y_p0.6_d3h|0,reliable,2.0874659744909683,reliable,,,prediction,target,0.05,14766.098345840981,12078.44999280572,-2687.6483530352616,-0.18201479430023332,40861,35190,-5671,0.13878759697511073
seed123|batch3|sample1|location1|r300y_p0.6_d3h|6,seed123,phase10_margin_aware_boundary_band_seed123_40e,runs\phase10_margin_aware_boundary_band_seed123_40e,runs\phase10_margin_aware_boundary_band_seed123_40e\evaluation_test\test_batch_0003\forecast_maps.npz,runs\phase10_margin_aware_boundary_band_seed123_40e\evaluation_test\test_batch_0003\summary.json,3,1,test,location1,r300y_p0.6_d3h,6,12,12,mass_preserving,location1|r300y_p0.6_d3h|6,reliable,0.9651871969651323,reliable,,,prediction,target,0.05,12927.535079652183,11728.662580758333,-1198.8724988938502,-0.09273790335954021,34305,32025,-2280,0.0664626147791867
seed123|batch4|sample0|location1|r300y_p0.6_d3h|12,seed123,phase10_margin_aware_boundary_band_seed123_40e,runs\phase10_margin_aware_boundary_band_seed123_40e,runs\phase10_margin_aware_boundary_band_seed123_40e\evaluation_test\test_batch_0004\forecast_maps.npz,runs\phase10_margin_aware_boundary_band_seed123_40e\evaluation_test\test_batch_0004\summary.json,4,0,test,location1,r300y_p0.6_d3h,12,12,12,mass_preserving,location1|r300y_p0.6_d3h|12,reliable,0.621095085144043,reliable,,,prediction,target,0.05,10315.010646687093,10522.331614851952,207.32096816485864,0.020098958233401788,28314,30237,1923,0.0
seed123|batch4|sample1|location1|r300y_p0.8_d3h|0,seed123,phase10_margin_aware_boundary_band_seed123_40e,runs\phase10_margin_aware_boundary_band_seed123_40e,runs\phase10_margin_aware_boundary_band_seed123_40e\evaluation_test\test_batch_0004\forecast_maps.npz,runs\phase10_margin_aware_boundary_band_seed123_40e\evaluation_test\test_batch_0004\summary.json,4,1,test,location1,r300y_p0.8_d3h,0,12,12,mass_preserving,location1|r300y_p0.8_d3h|0,reliable,1.9011268845389218,reliable,,,prediction,target,0.05,13760.742295845585,11146.143421724439,-2614.598874121146,-0.19000420310977717,38919,34438,-4481,0.11513656568771037
seed123|batch5|sample0|location1|r300y_p0.8_d3h|6,seed123,phase10_margin_aware_boundary_band_seed123_40e,runs\phase10_margin_aware_boundary_band_seed123_40e,runs\phase10_margin_aware_boundary_band_seed123_40e\evaluation_test\test_batch_0005\forecast_maps.npz,runs\phase10_margin_aware_boundary_band_seed123_40e\evaluation_test\test_batch_0005\summary.json,5,0,test,location1,r300y_p0.8_d3h,6,12,12,mass_preserving,location1|r300y_p0.8_d3h|6,reliable,1.524861540874766,reliable,,,prediction,target,0.05,13556.542795578627,11759.198893904686,-1797.3439016739412,-0.13258128777936898,36028,33394,-2634,0.07310980348617742
seed123|batch5|sample1|location1|r300y_p0.8_d3h|12,seed123,phase10_margin_aware_boundary_band_seed123_40e,runs\phase10_margin_aware_boundary_band_seed123_40e,runs\phase10_margin_aware_boundary_band_seed123_40e\evaluation_test\test_batch_0005\forecast_maps.npz,runs\phase10_margin_aware_boundary_band_seed123_40e\evaluation_test\test_batch_0005\summary.json,5,1,test,location1,r300y_p0.8_d3h,12,12,12,mass_preserving,location1|r300y_p0.8_d3h|12,reliable,0.6536856333414713,reliable,,,prediction,target,0.05,10801.853147690075,11599.747152298689,797.8940046086136,0.07386639993150058,29530,31262,1732,0.0
seed123|batch6|sample0|location2|r100y_p0.5_d3h|0,seed123,phase10_margin_aware_boundary_band_seed123_40e,runs\phase10_margin_aware_boundary_band_seed123_40e,runs\phase10_margin_aware_boundary_band_seed123_40e\evaluation_test\test_batch_0006\forecast_maps.npz,runs\phase10_margin_aware_boundary_band_seed123_40e\evaluation_test\test_batch_0006\summary.json,6,0,test,location2,r100y_p0.5_d3h,0,12,12,mass_preserving,location2|r100y_p0.5_d3h|0,caution,4.875056307873177,caution,,,prediction,target,0.05,4337.159314481857,2873.270415663719,-1463.888898818138,-0.3375225101670084,14246,9114,-5132,0.36024147129018674
seed123|batch6|sample1|location2|r100y_p0.5_d3h|6,seed123,phase10_margin_aware_boundary_band_seed123_40e,runs\phase10_margin_aware_boundary_band_seed123_40e,runs\phase10_margin_aware_boundary_band_seed123_40e\evaluation_test\test_batch_0006\forecast_maps.npz,runs\phase10_margin_aware_boundary_band_seed123_40e\evaluation_test\test_batch_0006\summary.json,6,1,test,location2,r100y_p0.5_d3h,6,12,12,mass_preserving,location2|r100y_p0.5_d3h|6,reliable,2.1906860995516206,reliable,,,prediction,target,0.05,2628.0219966627137,1995.2343492209911,-632.7876474417226,-0.24078476064709134,9461,7826,-1635,0.172814713032449
seed123|batch7|sample0|location2|r100y_p0.5_d3h|12,seed123,phase10_margin_aware_boundary_band_seed123_40e,runs\phase10_margin_aware_boundary_band_seed123_40e,runs\phase10_margin_aware_boundary_band_seed123_40e\evaluation_test\test_batch_0007\forecast_maps.npz,runs\phase10_margin_aware_boundary_band_seed123_40e\evaluation_test\test_batch_0007\summary.json,7,0,test,location2,r100y_p0.5_d3h,12,12,12,mass_preserving,location2|r100y_p0.5_d3h|12,reliable,1.505871785693065,reliable,,,prediction,target,0.05,1681.9565989977436,1758.5030039548874,76.54640495714375,0.0455103330268788,6639,6367,-272,0.040970025606266
seed123|batch7|sample1|location2|r200y_p0.5_d3h|0,seed123,phase10_margin_aware_boundary_band_seed123_40e,runs\phase10_margin_aware_boundary_band_seed123_40e,runs\phase10_margin_aware_boundary_band_seed123_40e\evaluation_test\test_batch_0007\forecast_maps.npz,runs\phase10_margin_aware_boundary_band_seed123_40e\evaluation_test\test_batch_0007\summary.json,7,1,test,location2,r200y_p0.5_d3h,0,12,12,mass_preserving,location2|r200y_p0.5_d3h|0,high-risk,5.706091864202834,high-risk,,,prediction,target,0.05,4879.997434176973,2741.2137589156628,-2138.7836752613102,-0.43827557372927656,15283,8459,-6824,0.4465091932212262
seed123|batch8|sample0|location2|r200y_p0.5_d3h|6,seed123,phase10_margin_aware_boundary_band_seed123_40e,runs\phase10_margin_aware_boundary_band_seed123_40e,runs\phase10_margin_aware_boundary_band_seed123_40e\evaluation_test\test_batch_0008\forecast_maps.npz,runs\phase10_margin_aware_boundary_band_seed123_40e\evaluation_test\test_batch_0008\summary.json,8,0,test,location2,r200y_p0.5_d3h,6,12,12,mass_preserving,location2|r200y_p0.5_d3h|6,caution,2.6090016171739077,caution,,,prediction,target,0.05,3139.3635375449094,2134.9571803957224,-1004.406357149187,-0.31993948618472756,10394,8093,-2301,0.22137771791418126
seed123|batch8|sample1|location2|r200y_p0.5_d3h|12,seed123,phase10_margin_aware_boundary_band_seed123_40e,runs\phase10_margin_aware_boundary_band_seed123_40e,runs\phase10_margin_aware_boundary_band_seed123_40e\evaluation_test\test_batch_0008\forecast_maps.npz,runs\phase10_margin_aware_boundary_band_seed123_40e\evaluation_test\test_batch_0008\summary.json,8,1,test,location2,r200y_p0.5_d3h,12,12,12,mass_preserving,location2|r200y_p0.5_d3h|12,reliable,1.5345347097721476,reliable,,,prediction,target,0.05,2069.1925962743544,1883.8817390799522,-185.31085719440216,-0.08955708498477141,7509,6760,-749,0.09974697030230391
seed123|batch9|sample0|location2|r300y_p0.6_d3h|0,seed123,phase10_margin_aware_boundary_band_seed123_40e,runs\phase10_margin_aware_boundary_band_seed123_40e,runs\phase10_margin_aware_boundary_band_seed123_40e\evaluation_test\test_batch_0009\forecast_maps.npz,runs\phase10_margin_aware_boundary_band_seed123_40e\evaluation_test\test_batch_0009\summary.json,9,0,test,location2,r300y_p0.6_d3h,0,12,12,mass_preserving,location2|r300y_p0.6_d3h|0,high-risk,8.063778048536216,high-risk,,,prediction,target,0.05,5664.12663361832,2702.5469026714563,-2961.5797309468635,-0.5228660873097335,17372,9683,-7689,0.44260879576329726
seed123|batch9|sample1|location2|r300y_p0.6_d3h|6,seed123,phase10_margin_aware_boundary_band_seed123_40e,runs\phase10_margin_aware_boundary_band_seed123_40e,runs\phase10_margin_aware_boundary_band_seed123_40e\evaluation_test\test_batch_0009\forecast_maps.npz,runs\phase10_margin_aware_boundary_band_seed123_40e\evaluation_test\test_batch_0009\summary.json,9,1,test,location2,r300y_p0.6_d3h,6,12,12,mass_preserving,location2|r300y_p0.6_d3h|6,caution,3.8519024533100814,caution,caution,Selected as a representative caution-labeled case closest to the caution risk midpoint with stable tie-breaks.,prediction,target,0.05,3571.4163164201727,3062.4062546640635,-509.0100617561093,-0.14252330634651916,11187,10966,-221,0.019755072852417985
seed123|batch10|sample0|location2|r300y_p0.6_d3h|12,seed123,phase10_margin_aware_boundary_band_seed123_40e,runs\phase10_margin_aware_boundary_band_seed123_40e,runs\phase10_margin_aware_boundary_band_seed123_40e\evaluation_test\test_batch_0010\forecast_maps.npz,runs\phase10_margin_aware_boundary_band_seed123_40e\evaluation_test\test_batch_0010\summary.json,10,0,test,location2,r300y_p0.6_d3h,12,12,12,mass_preserving,location2|r300y_p0.6_d3h|12,caution,3.233023843186218,caution,,,prediction,target,0.05,2432.226185890793,2457.3805473148823,25.154361424089075,0.010342114384759158,8238,8452,214,0.0
seed123|batch10|sample1|location2|r300y_p0.6_d3h|18,seed123,phase10_margin_aware_boundary_band_seed123_40e,runs\phase10_margin_aware_boundary_band_seed123_40e,runs\phase10_margin_aware_boundary_band_seed123_40e\evaluation_test\test_batch_0010\forecast_maps.npz,runs\phase10_margin_aware_boundary_band_seed123_40e\evaluation_test\test_batch_0010\summary.json,10,1,test,location2,r300y_p0.6_d3h,18,12,12,mass_preserving,location2|r300y_p0.6_d3h|18,caution,3.393198537664933,caution,,,prediction,target,0.05,1753.9167400826755,1550.0918535888195,-203.82488649385596,-0.11621126695230022,6493,5910,-583,0.0897890035422763
seed123|batch11|sample0|location2|r300y_p0.6_d3h|24,seed123,phase10_margin_aware_boundary_band_seed123_40e,runs\phase10_margin_aware_boundary_band_seed123_40e,runs\phase10_margin_aware_boundary_band_seed123_40e\evaluation_test\test_batch_0011\forecast_maps.npz,runs\phase10_margin_aware_boundary_band_seed123_40e\evaluation_test\test_batch_0011\summary.json,11,0,test,location2,r300y_p0.6_d3h,24,12,12,mass_preserving,location2|r300y_p0.6_d3h|24,caution,3.3117061219129367,caution,,,prediction,target,0.05,1426.6588724858502,1392.4221185296774,-34.236753956172834,-0.023997855840981634,5687,5092,-595,0.10462458238086865
seed123|batch11|sample1|location2|r300y_p0.8_d3h|0,seed123,phase10_margin_aware_boundary_band_seed123_40e,runs\phase10_margin_aware_boundary_band_seed123_40e,runs\phase10_margin_aware_boundary_band_seed123_40e\evaluation_test\test_batch_0011\forecast_maps.npz,runs\phase10_margin_aware_boundary_band_seed123_40e\evaluation_test\test_batch_0011\summary.json,11,1,test,location2,r300y_p0.8_d3h,0,12,12,mass_preserving,location2|r300y_p0.8_d3h|0,high-risk,8.73513925840442,high-risk,high-risk,"Selected as a high-risk case, prioritizing Phase-13-like location2+r300y evidence and then stronger risk evidence.",prediction,target,0.05,5485.095879351298,2224.448852017522,-3260.6470273337764,-0.5944557942202099,17942,8098,-9844,0.5486567829673392
seed123|batch12|sample0|location2|r300y_p0.8_d3h|6,seed123,phase10_margin_aware_boundary_band_seed123_40e,runs\phase10_margin_aware_boundary_band_seed123_40e,runs\phase10_margin_aware_boundary_band_seed123_40e\evaluation_test\test_batch_0012\forecast_maps.npz,runs\phase10_margin_aware_boundary_band_seed123_40e\evaluation_test\test_batch_0012\summary.json,12,0,test,location2,r300y_p0.8_d3h,6,12,12,mass_preserving,location2|r300y_p0.8_d3h|6,high-risk,6.4048322225375305,high-risk,,,prediction,target,0.05,3869.3442239054784,2353.693211182952,-1515.6510127225265,-0.3917074638535833,11825,7912,-3913,0.33090909090909093
seed123|batch12|sample1|location2|r300y_p0.8_d3h|12,seed123,phase10_margin_aware_boundary_band_seed123_40e,runs\phase10_margin_aware_boundary_band_seed123_40e,runs\phase10_margin_aware_boundary_band_seed123_40e\evaluation_test\test_batch_0012\forecast_maps.npz,runs\phase10_margin_aware_boundary_band_seed123_40e\evaluation_test\test_batch_0012\summary.json,12,1,test,location2,r300y_p0.8_d3h,12,12,12,mass_preserving,location2|r300y_p0.8_d3h|12,caution,3.48738920559396,caution,,,prediction,target,0.05,2507.0610672819257,2200.8902623802423,-306.17080490168337,-0.12212339336178349,8448,7385,-1063,0.12582859848484848
seed123|batch13|sample0|location3|r100y_p0.5_d3h|0,seed123,phase10_margin_aware_boundary_band_seed123_40e,runs\phase10_margin_aware_boundary_band_seed123_40e,runs\phase10_margin_aware_boundary_band_seed123_40e\evaluation_test\test_batch_0013\forecast_maps.npz,runs\phase10_margin_aware_boundary_band_seed123_40e\evaluation_test\test_batch_0013\summary.json,13,0,test,location3,r100y_p0.5_d3h,0,12,12,mass_preserving,location3|r100y_p0.5_d3h|0,reliable,1.1353644409186099,reliable,,,prediction,target,0.05,11150.735357807913,10956.937594860792,-193.79776294712065,-0.017379819063809143,28739,27676,-1063,0.03698806499878214
seed123|batch13|sample1|location3|r100y_p0.5_d3h|6,seed123,phase10_margin_aware_boundary_band_seed123_40e,runs\phase10_margin_aware_boundary_band_seed123_40e,runs\phase10_margin_aware_boundary_band_seed123_40e\evaluation_test\test_batch_0013\forecast_maps.npz,runs\phase10_margin_aware_boundary_band_seed123_40e\evaluation_test\test_batch_0013\summary.json,13,1,test,location3,r100y_p0.5_d3h,6,12,12,mass_preserving,location3|r100y_p0.5_d3h|6,reliable,0.23370692071096733,reliable,,,prediction,target,0.05,10216.00928450518,10354.315701425076,138.30641691989513,0.013538203917812327,23994,24322,328,0.0
seed123|batch14|sample0|location3|r100y_p0.5_d3h|12,seed123,phase10_margin_aware_boundary_band_seed123_40e,runs\phase10_margin_aware_boundary_band_seed123_40e,runs\phase10_margin_aware_boundary_band_seed123_40e\evaluation_test\test_batch_0014\forecast_maps.npz,runs\phase10_margin_aware_boundary_band_seed123_40e\evaluation_test\test_batch_0014\summary.json,14,0,test,location3,r100y_p0.5_d3h,12,12,12,mass_preserving,location3|r100y_p0.5_d3h|12,reliable,0.191398286819458,reliable,,,prediction,target,0.05,8900.689890892612,9659.377464234829,758.6875733422166,0.08523918737114108,21087,23432,2345,0.0
seed123|batch14|sample1|location3|r200y_p0.5_d3h|0,seed123,phase10_margin_aware_boundary_band_seed123_40e,runs\phase10_margin_aware_boundary_band_seed123_40e,runs\phase10_margin_aware_boundary_band_seed123_40e\evaluation_test\test_batch_0014\forecast_maps.npz,runs\phase10_margin_aware_boundary_band_seed123_40e\evaluation_test\test_batch_0014\summary.json,14,1,test,location3,r200y_p0.5_d3h,0,12,12,mass_preserving,location3|r200y_p0.5_d3h|0,reliable,1.4346567777441823,reliable,,,prediction,target,0.05,12177.025512791291,10971.494955897331,-1205.5305568939602,-0.0990004131655647,30397,26951,-3446,0.11336645063657598
seed123|batch15|sample0|location3|r200y_p0.5_d3h|6,seed123,phase10_margin_aware_boundary_band_seed123_40e,runs\phase10_margin_aware_boundary_band_seed123_40e,runs\phase10_margin_aware_boundary_band_seed123_40e\evaluation_test\test_batch_0015\forecast_maps.npz,runs\phase10_margin_aware_boundary_band_seed123_40e\evaluation_test\test_batch_0015\summary.json,15,0,test,location3,r200y_p0.5_d3h,6,12,12,mass_preserving,location3|r200y_p0.5_d3h|6,reliable,0.368498985219633,reliable,,,prediction,target,0.05,11065.563376371478,10506.654500856996,-558.9088755144821,-0.050508849527528946,25306,24520,-786,0.031059827708843753
seed123|batch15|sample1|location3|r200y_p0.5_d3h|12,seed123,phase10_margin_aware_boundary_band_seed123_40e,runs\phase10_margin_aware_boundary_band_seed123_40e,runs\phase10_margin_aware_boundary_band_seed123_40e\evaluation_test\test_batch_0015\forecast_maps.npz,runs\phase10_margin_aware_boundary_band_seed123_40e\evaluation_test\test_batch_0015\summary.json,15,1,test,location3,r200y_p0.5_d3h,12,12,12,mass_preserving,location3|r200y_p0.5_d3h|12,reliable,0.19468886057535806,reliable,,,prediction,target,0.05,9561.01620316163,9815.28145648539,254.2652533237615,0.0265939569519484,22244,23629,1385,0.0
seed123|batch16|sample0|location3|r300y_p0.6_d3h|0,seed123,phase10_margin_aware_boundary_band_seed123_40e,runs\phase10_margin_aware_boundary_band_seed123_40e,runs\phase10_margin_aware_boundary_band_seed123_40e\evaluation_test\test_batch_0016\forecast_maps.npz,runs\phase10_margin_aware_boundary_band_seed123_40e\evaluation_test\test_batch_0016\summary.json,16,0,test,location3,r300y_p0.6_d3h,0,12,12,mass_preserving,location3|r300y_p0.6_d3h|0,caution,2.5714470294240046,caution,,,prediction,target,0.05,12961.912116011124,10653.870989590883,-2308.041126420241,-0.17806332165832595,32592,27313,-5279,0.16197226313205695
seed123|batch16|sample1|location3|r300y_p0.6_d3h|6,seed123,phase10_margin_aware_boundary_band_seed123_40e,runs\phase10_margin_aware_boundary_band_seed123_40e,runs\phase10_margin_aware_boundary_band_seed123_40e\evaluation_test\test_batch_0016\forecast_maps.npz,runs\phase10_margin_aware_boundary_band_seed123_40e\evaluation_test\test_batch_0016\summary.json,16,1,test,location3,r300y_p0.6_d3h,6,12,12,mass_preserving,location3|r300y_p0.6_d3h|6,reliable,1.0564304543847196,reliable,,,prediction,target,0.05,11733.236349137313,10902.134103819728,-831.1022453175847,-0.07083316321150315,26235,24700,-1535,0.058509624547360396
seed123|batch17|sample0|location3|r300y_p0.6_d3h|12,seed123,phase10_margin_aware_boundary_band_seed123_40e,runs\phase10_margin_aware_boundary_band_seed123_40e,runs\phase10_margin_aware_boundary_band_seed123_40e\evaluation_test\test_batch_0017\forecast_maps.npz,runs\phase10_margin_aware_boundary_band_seed123_40e\evaluation_test\test_batch_0017\summary.json,17,0,test,location3,r300y_p0.6_d3h,12,12,12,mass_preserving,location3|r300y_p0.6_d3h|12,reliable,0.6462223370869955,reliable,,,prediction,target,0.05,10076.452621732433,10022.470182210207,-53.98243952222583,-0.005357286095485526,22927,23446,519,0.0
seed123|batch17|sample1|location3|r300y_p0.8_d3h|0,seed123,phase10_margin_aware_boundary_band_seed123_40e,runs\phase10_margin_aware_boundary_band_seed123_40e,runs\phase10_margin_aware_boundary_band_seed123_40e\evaluation_test\test_batch_0017\forecast_maps.npz,runs\phase10_margin_aware_boundary_band_seed123_40e\evaluation_test\test_batch_0017\summary.json,17,1,test,location3,r300y_p0.8_d3h,0,12,12,mass_preserving,location3|r300y_p0.8_d3h|0,caution,2.5654196492034465,caution,,,prediction,target,0.05,12145.106137229113,9887.330723747611,-2257.7754134815023,-0.18590001503244252,32760,26574,-6186,0.18882783882783882
seed123|batch18|sample0|location3|r300y_p0.8_d3h|6,seed123,phase10_margin_aware_boundary_band_seed123_40e,runs\phase10_margin_aware_boundary_band_seed123_40e,runs\phase10_margin_aware_boundary_band_seed123_40e\evaluation_test\test_batch_0018\forecast_maps.npz,runs\phase10_margin_aware_boundary_band_seed123_40e\evaluation_test\test_batch_0018\summary.json,18,0,test,location3,r300y_p0.8_d3h,6,12,12,mass_preserving,location3|r300y_p0.8_d3h|6,reliable,1.5198120550530954,reliable,,,prediction,target,0.05,12081.724070549973,10571.943922936916,-1509.7801476130571,-0.1249639653080018,27044,25634,-1410,0.05213725780210028
seed123|batch18|sample1|location3|r300y_p0.8_d3h|12,seed123,phase10_margin_aware_boundary_band_seed123_40e,runs\phase10_margin_aware_boundary_band_seed123_40e,runs\phase10_margin_aware_boundary_band_seed123_40e\evaluation_test\test_batch_0018\forecast_maps.npz,runs\phase10_margin_aware_boundary_band_seed123_40e\evaluation_test\test_batch_0018\summary.json,18,1,test,location3,r300y_p0.8_d3h,12,12,12,mass_preserving,location3|r300y_p0.8_d3h|12,reliable,0.7537481625874838,reliable,,,prediction,target,0.05,10316.976616710343,10888.101652637124,571.1250359267815,0.05535779106077781,23257,24244,987,0.0
seed202|batch0|sample0|location1|r100y_p0.5_d3h|0,seed202,phase10_margin_aware_boundary_band_seed202_40e,runs\phase10_margin_aware_boundary_band_seed202_40e,runs\phase10_margin_aware_boundary_band_seed202_40e\evaluation_test\test_batch_0000\forecast_maps.npz,runs\phase10_margin_aware_boundary_band_seed202_40e\evaluation_test\test_batch_0000\summary.json,0,0,test,location1,r100y_p0.5_d3h,0,12,12,mass_preserving,location1|r100y_p0.5_d3h|0,reliable,0.19642134443285145,reliable,,,prediction,target,0.05,12705.188175789435,12361.584200903773,-343.60397488566196,-0.027044382982097166,37051,36600,-451,0.012172411001052603
seed202|batch0|sample1|location1|r100y_p0.5_d3h|6,seed202,phase10_margin_aware_boundary_band_seed202_40e,runs\phase10_margin_aware_boundary_band_seed202_40e,runs\phase10_margin_aware_boundary_band_seed202_40e\evaluation_test\test_batch_0000\forecast_maps.npz,runs\phase10_margin_aware_boundary_band_seed202_40e\evaluation_test\test_batch_0000\summary.json,0,1,test,location1,r100y_p0.5_d3h,6,12,12,mass_preserving,location1|r100y_p0.5_d3h|6,reliable,0.1870829239381681,reliable,reliable,"Selected as the lowest-risk reliable-labeled case using risk score, false-dry, boundary, RMSE, and stable identity tie-breaks.",prediction,target,0.05,11008.920740269445,10461.078816384077,-547.8419238853676,-0.04976345427589654,31376,30814,-562,0.017911779704232536
seed202|batch1|sample0|location1|r100y_p0.5_d3h|12,seed202,phase10_margin_aware_boundary_band_seed202_40e,runs\phase10_margin_aware_boundary_band_seed202_40e,runs\phase10_margin_aware_boundary_band_seed202_40e\evaluation_test\test_batch_0001\forecast_maps.npz,runs\phase10_margin_aware_boundary_band_seed202_40e\evaluation_test\test_batch_0001\summary.json,1,0,test,location1,r100y_p0.5_d3h,12,12,12,mass_preserving,location1|r100y_p0.5_d3h|12,reliable,0.14922688802083334,reliable,,,prediction,target,0.05,8663.101240284941,10288.541402176023,1625.4401618910815,0.18762797718818056,25826,30008,4182,0.0
seed202|batch1|sample1|location1|r200y_p0.5_d3h|0,seed202,phase10_margin_aware_boundary_band_seed202_40e,runs\phase10_margin_aware_boundary_band_seed202_40e,runs\phase10_margin_aware_boundary_band_seed202_40e\evaluation_test\test_batch_0001\forecast_maps.npz,runs\phase10_margin_aware_boundary_band_seed202_40e\evaluation_test\test_batch_0001\summary.json,1,1,test,location1,r200y_p0.5_d3h,0,12,12,mass_preserving,location1|r200y_p0.5_d3h|0,reliable,0.4845211996725709,reliable,,,prediction,target,0.05,13785.28121613462,12331.389839857817,-1453.8913762768025,-0.10546693632735861,38486,35992,-2494,0.0648027854284675
seed202|batch2|sample0|location1|r200y_p0.5_d3h|6,seed202,phase10_margin_aware_boundary_band_seed202_40e,runs\phase10_margin_aware_boundary_band_seed202_40e,runs\phase10_margin_aware_boundary_band_seed202_40e\evaluation_test\test_batch_0002\forecast_maps.npz,runs\phase10_margin_aware_boundary_band_seed202_40e\evaluation_test\test_batch_0002\summary.json,2,0,test,location1,r200y_p0.5_d3h,6,12,12,mass_preserving,location1|r200y_p0.5_d3h|6,reliable,0.27564392547906535,reliable,,,prediction,target,0.05,11915.712958564984,10816.1978777498,-1099.515080815183,-0.09227438464140363,32621,31226,-1395,0.04276386376873793
seed202|batch2|sample1|location1|r200y_p0.5_d3h|12,seed202,phase10_margin_aware_boundary_band_seed202_40e,runs\phase10_margin_aware_boundary_band_seed202_40e,runs\phase10_margin_aware_boundary_band_seed202_40e\evaluation_test\test_batch_0002\forecast_maps.npz,runs\phase10_margin_aware_boundary_band_seed202_40e\evaluation_test\test_batch_0002\summary.json,2,1,test,location1,r200y_p0.5_d3h,12,12,12,mass_preserving,location1|r200y_p0.5_d3h|12,reliable,0.12521368662516275,reliable,,,prediction,target,0.05,9448.001348433436,10633.977445036173,1185.976096602737,0.12552666462091294,26951,30339,3388,0.0
seed202|batch3|sample0|location1|r300y_p0.6_d3h|0,seed202,phase10_margin_aware_boundary_band_seed202_40e,runs\phase10_margin_aware_boundary_band_seed202_40e,runs\phase10_margin_aware_boundary_band_seed202_40e\evaluation_test\test_batch_0003\forecast_maps.npz,runs\phase10_margin_aware_boundary_band_seed202_40e\evaluation_test\test_batch_0003\summary.json,3,0,test,location1,r300y_p0.6_d3h,0,12,12,mass_preserving,location1|r300y_p0.6_d3h|0,reliable,1.5379917599613981,reliable,,,prediction,target,0.05,14766.098345840981,12901.829193413258,-1864.2691524277234,-0.12625333441266245,40861,37225,-3636,0.08898460634835173
seed202|batch3|sample1|location1|r300y_p0.6_d3h|6,seed202,phase10_margin_aware_boundary_band_seed202_40e,runs\phase10_margin_aware_boundary_band_seed202_40e,runs\phase10_margin_aware_boundary_band_seed202_40e\evaluation_test\test_batch_0003\forecast_maps.npz,runs\phase10_margin_aware_boundary_band_seed202_40e\evaluation_test\test_batch_0003\summary.json,3,1,test,location1,r300y_p0.6_d3h,6,12,12,mass_preserving,location1|r300y_p0.6_d3h|6,reliable,0.6807047604306502,reliable,,,prediction,target,0.05,12927.535079652183,12307.087585568428,-620.4474940837554,-0.0479942611070794,34305,33736,-569,0.016586503425156683
seed202|batch4|sample0|location1|r300y_p0.6_d3h|12,seed202,phase10_margin_aware_boundary_band_seed202_40e,runs\phase10_margin_aware_boundary_band_seed202_40e,runs\phase10_margin_aware_boundary_band_seed202_40e\evaluation_test\test_batch_0004\forecast_maps.npz,runs\phase10_margin_aware_boundary_band_seed202_40e\evaluation_test\test_batch_0004\summary.json,4,0,test,location1,r300y_p0.6_d3h,12,12,12,mass_preserving,location1|r300y_p0.6_d3h|12,reliable,0.5772514979044597,reliable,,,prediction,target,0.05,10315.010646687093,10549.778849676251,234.76820298915845,0.022759860462631686,28314,29851,1537,0.0
seed202|batch4|sample1|location1|r300y_p0.8_d3h|0,seed202,phase10_margin_aware_boundary_band_seed202_40e,runs\phase10_margin_aware_boundary_band_seed202_40e,runs\phase10_margin_aware_boundary_band_seed202_40e\evaluation_test\test_batch_0004\forecast_maps.npz,runs\phase10_margin_aware_boundary_band_seed202_40e\evaluation_test\test_batch_0004\summary.json,4,1,test,location1,r300y_p0.8_d3h,0,12,12,mass_preserving,location1|r300y_p0.8_d3h|0,reliable,1.3014636515269975,reliable,,,prediction,target,0.05,13760.742295845585,12386.333280339837,-1374.4090155057474,-0.09987898806307027,38919,37020,-1899,0.048793648346565945
seed202|batch5|sample0|location1|r300y_p0.8_d3h|6,seed202,phase10_margin_aware_boundary_band_seed202_40e,runs\phase10_margin_aware_boundary_band_seed202_40e,runs\phase10_margin_aware_boundary_band_seed202_40e\evaluation_test\test_batch_0005\forecast_maps.npz,runs\phase10_margin_aware_boundary_band_seed202_40e\evaluation_test\test_batch_0005\summary.json,5,0,test,location1,r300y_p0.8_d3h,6,12,12,mass_preserving,location1|r300y_p0.8_d3h|6,reliable,1.0019370992060357,reliable,,,prediction,target,0.05,13556.542795578627,12715.204109311104,-841.3386862675234,-0.06206144877452976,36028,35711,-317,0.008798712112801154
seed202|batch5|sample1|location1|r300y_p0.8_d3h|12,seed202,phase10_margin_aware_boundary_band_seed202_40e,runs\phase10_margin_aware_boundary_band_seed202_40e,runs\phase10_margin_aware_boundary_band_seed202_40e\evaluation_test\test_batch_0005\forecast_maps.npz,runs\phase10_margin_aware_boundary_band_seed202_40e\evaluation_test\test_batch_0005\summary.json,5,1,test,location1,r300y_p0.8_d3h,12,12,12,mass_preserving,location1|r300y_p0.8_d3h|12,reliable,0.5899547576904297,reliable,,,prediction,target,0.05,10801.853147690075,11371.969902932644,570.1167552425686,0.05277953212727071,29530,32028,2498,0.0
seed202|batch6|sample0|location2|r100y_p0.5_d3h|0,seed202,phase10_margin_aware_boundary_band_seed202_40e,runs\phase10_margin_aware_boundary_band_seed202_40e,runs\phase10_margin_aware_boundary_band_seed202_40e\evaluation_test\test_batch_0006\forecast_maps.npz,runs\phase10_margin_aware_boundary_band_seed202_40e\evaluation_test\test_batch_0006\summary.json,6,0,test,location2,r100y_p0.5_d3h,0,12,12,mass_preserving,location2|r100y_p0.5_d3h|0,caution,4.250443177854044,caution,,,prediction,target,0.05,4337.159314481857,2819.9155148416758,-1517.2437996401814,-0.34982431809089315,14246,10100,-4146,0.2910290607889934
seed202|batch6|sample1|location2|r100y_p0.5_d3h|6,seed202,phase10_margin_aware_boundary_band_seed202_40e,runs\phase10_margin_aware_boundary_band_seed202_40e,runs\phase10_margin_aware_boundary_band_seed202_40e\evaluation_test\test_batch_0006\forecast_maps.npz,runs\phase10_margin_aware_boundary_band_seed202_40e\evaluation_test\test_batch_0006\summary.json,6,1,test,location2,r100y_p0.5_d3h,6,12,12,mass_preserving,location2|r100y_p0.5_d3h|6,reliable,1.4299283901843416,reliable,,,prediction,target,0.05,2628.0219966627137,2295.7766138911247,-332.245382771589,-0.12642412551854684,9461,8200,-1261,0.1332840080329775
seed202|batch7|sample0|location2|r100y_p0.5_d3h|12,seed202,phase10_margin_aware_boundary_band_seed202_40e,runs\phase10_margin_aware_boundary_band_seed202_40e,runs\phase10_margin_aware_boundary_band_seed202_40e\evaluation_test\test_batch_0007\forecast_maps.npz,runs\phase10_margin_aware_boundary_band_seed202_40e\evaluation_test\test_batch_0007\summary.json,7,0,test,location2,r100y_p0.5_d3h,12,12,12,mass_preserving,location2|r100y_p0.5_d3h|12,reliable,0.7779875505990581,reliable,,,prediction,target,0.05,1681.9565989977436,1791.7285186201334,109.77191962238976,0.06526441864659376,6639,6569,-70,0.010543756589847868
seed202|batch7|sample1|location2|r200y_p0.5_d3h|0,seed202,phase10_margin_aware_boundary_band_seed202_40e,runs\phase10_margin_aware_boundary_band_seed202_40e,runs\phase10_margin_aware_boundary_band_seed202_40e\evaluation_test\test_batch_0007\forecast_maps.npz,runs\phase10_margin_aware_boundary_band_seed202_40e\evaluation_test\test_batch_0007\summary.json,7,1,test,location2,r200y_p0.5_d3h,0,12,12,mass_preserving,location2|r200y_p0.5_d3h|0,high-risk,5.020210754489117,high-risk,,,prediction,target,0.05,4879.997434176973,2698.149446249008,-2181.847987927965,-0.4471002326041059,15283,9466,-5817,0.3806189884185042
seed202|batch8|sample0|location2|r200y_p0.5_d3h|6,seed202,phase10_margin_aware_boundary_band_seed202_40e,runs\phase10_margin_aware_boundary_band_seed202_40e,runs\phase10_margin_aware_boundary_band_seed202_40e\evaluation_test\test_batch_0008\forecast_maps.npz,runs\phase10_margin_aware_boundary_band_seed202_40e\evaluation_test\test_batch_0008\summary.json,8,0,test,location2,r200y_p0.5_d3h,6,12,12,mass_preserving,location2|r200y_p0.5_d3h|6,reliable,1.8378865446166925,reliable,,,prediction,target,0.05,3139.3635375449094,2428.1589808762074,-711.204556668702,-0.22654418583993893,10394,8464,-1930,0.18568404848951317
seed202|batch8|sample1|location2|r200y_p0.5_d3h|12,seed202,phase10_margin_aware_boundary_band_seed202_40e,runs\phase10_margin_aware_boundary_band_seed202_40e,runs\phase10_margin_aware_boundary_band_seed202_40e\evaluation_test\test_batch_0008\forecast_maps.npz,runs\phase10_margin_aware_boundary_band_seed202_40e\evaluation_test\test_batch_0008\summary.json,8,1,test,location2,r200y_p0.5_d3h,12,12,12,mass_preserving,location2|r200y_p0.5_d3h|12,reliable,0.8728281819565638,reliable,,,prediction,target,0.05,2069.1925962743544,1893.025009676814,-176.16758659754032,-0.08513832251030452,7509,6819,-690,0.09188973232121454
seed202|batch9|sample0|location2|r300y_p0.6_d3h|0,seed202,phase10_margin_aware_boundary_band_seed202_40e,runs\phase10_margin_aware_boundary_band_seed202_40e,runs\phase10_margin_aware_boundary_band_seed202_40e\evaluation_test\test_batch_0009\forecast_maps.npz,runs\phase10_margin_aware_boundary_band_seed202_40e\evaluation_test\test_batch_0009\summary.json,9,0,test,location2,r300y_p0.6_d3h,0,12,12,mass_preserving,location2|r300y_p0.6_d3h|0,high-risk,6.15901133986023,high-risk,,,prediction,target,0.05,5664.12663361832,3471.7981358468533,-2192.3284977714666,-0.38705499357294165,17372,13206,-4166,0.23981119042136773
seed202|batch9|sample1|location2|r300y_p0.6_d3h|6,seed202,phase10_margin_aware_boundary_band_seed202_40e,runs\phase10_margin_aware_boundary_band_seed202_40e,runs\phase10_margin_aware_boundary_band_seed202_40e\evaluation_test\test_batch_0009\forecast_maps.npz,runs\phase10_margin_aware_boundary_band_seed202_40e\evaluation_test\test_batch_0009\summary.json,9,1,test,location2,r300y_p0.6_d3h,6,12,12,mass_preserving,location2|r300y_p0.6_d3h|6,caution,3.435624277281394,caution,caution,Selected as a representative caution-labeled case closest to the caution risk midpoint with stable tie-breaks.,prediction,target,0.05,3571.4163164201727,3384.925975382328,-186.4903410378447,-0.05221747466976189,11187,11873,686,0.0
seed202|batch10|sample0|location2|r300y_p0.6_d3h|12,seed202,phase10_margin_aware_boundary_band_seed202_40e,runs\phase10_margin_aware_boundary_band_seed202_40e,runs\phase10_margin_aware_boundary_band_seed202_40e\evaluation_test\test_batch_0010\forecast_maps.npz,runs\phase10_margin_aware_boundary_band_seed202_40e\evaluation_test\test_batch_0010\summary.json,10,0,test,location2,r300y_p0.6_d3h,12,12,12,mass_preserving,location2|r300y_p0.6_d3h|12,caution,2.5,caution,,,prediction,target,0.05,2432.226185890793,2533.8423974066973,101.61621151590407,0.04177909608299342,8238,8846,608,0.0
seed202|batch10|sample1|location2|r300y_p0.6_d3h|18,seed202,phase10_margin_aware_boundary_band_seed202_40e,runs\phase10_margin_aware_boundary_band_seed202_40e,runs\phase10_margin_aware_boundary_band_seed202_40e\evaluation_test\test_batch_0010\forecast_maps.npz,runs\phase10_margin_aware_boundary_band_seed202_40e\evaluation_test\test_batch_0010\summary.json,10,1,test,location2,r300y_p0.6_d3h,18,12,12,mass_preserving,location2|r300y_p0.6_d3h|18,caution,2.5853568800588667,caution,,,prediction,target,0.05,1753.9167400826755,1916.6508208662271,162.7340807835517,0.09278324168106224,6493,7026,533,0.0
seed202|batch11|sample0|location2|r300y_p0.6_d3h|24,seed202,phase10_margin_aware_boundary_band_seed202_40e,runs\phase10_margin_aware_boundary_band_seed202_40e,runs\phase10_margin_aware_boundary_band_seed202_40e\evaluation_test\test_batch_0011\forecast_maps.npz,runs\phase10_margin_aware_boundary_band_seed202_40e\evaluation_test\test_batch_0011\summary.json,11,0,test,location2,r300y_p0.6_d3h,24,12,12,mass_preserving,location2|r300y_p0.6_d3h|24,caution,2.8927124587294206,caution,,,prediction,target,0.05,1426.6588724858502,1409.2895958721638,-17.369276613686452,-0.012174793111840212,5687,5495,-192,0.03376120977668366
seed202|batch11|sample1|location2|r300y_p0.8_d3h|0,seed202,phase10_margin_aware_boundary_band_seed202_40e,runs\phase10_margin_aware_boundary_band_seed202_40e,runs\phase10_margin_aware_boundary_band_seed202_40e\evaluation_test\test_batch_0011\forecast_maps.npz,runs\phase10_margin_aware_boundary_band_seed202_40e\evaluation_test\test_batch_0011\summary.json,11,1,test,location2,r300y_p0.8_d3h,0,12,12,mass_preserving,location2|r300y_p0.8_d3h|0,high-risk,7.905763672331525,high-risk,high-risk,"Selected as a high-risk case, prioritizing Phase-13-like location2+r300y evidence and then stronger risk evidence.",prediction,target,0.05,5485.095879351298,2886.6905564516783,-2598.40532289962,-0.4737210397144277,17942,10191,-7751,0.43200312116820866
seed202|batch12|sample0|location2|r300y_p0.8_d3h|6,seed202,phase10_margin_aware_boundary_band_seed202_40e,runs\phase10_margin_aware_boundary_band_seed202_40e,runs\phase10_margin_aware_boundary_band_seed202_40e\evaluation_test\test_batch_0012\forecast_maps.npz,runs\phase10_margin_aware_boundary_band_seed202_40e\evaluation_test\test_batch_0012\summary.json,12,0,test,location2,r300y_p0.8_d3h,6,12,12,mass_preserving,location2|r300y_p0.8_d3h|6,high-risk,5.347769967583529,high-risk,,,prediction,target,0.05,3869.3442239054784,2867.2015506476164,-1002.142673257862,-0.2589954822490207,11825,9274,-2551,0.21572938689217758
seed202|batch12|sample1|location2|r300y_p0.8_d3h|12,seed202,phase10_margin_aware_boundary_band_seed202_40e,runs\phase10_margin_aware_boundary_band_seed202_40e,runs\phase10_margin_aware_boundary_band_seed202_40e\evaluation_test\test_batch_0012\forecast_maps.npz,runs\phase10_margin_aware_boundary_band_seed202_40e\evaluation_test\test_batch_0012\summary.json,12,1,test,location2,r300y_p0.8_d3h,12,12,12,mass_preserving,location2|r300y_p0.8_d3h|12,caution,2.729001013875304,caution,,,prediction,target,0.05,2507.0610672819257,2244.517753496766,-262.5433137851596,-0.10472154715792406,8448,7891,-557,0.06593276515151515
seed202|batch13|sample0|location3|r100y_p0.5_d3h|0,seed202,phase10_margin_aware_boundary_band_seed202_40e,runs\phase10_margin_aware_boundary_band_seed202_40e,runs\phase10_margin_aware_boundary_band_seed202_40e\evaluation_test\test_batch_0013\forecast_maps.npz,runs\phase10_margin_aware_boundary_band_seed202_40e\evaluation_test\test_batch_0013\summary.json,13,0,test,location3,r100y_p0.5_d3h,0,12,12,mass_preserving,location3|r100y_p0.5_d3h|0,reliable,0.554141865981026,reliable,,,prediction,target,0.05,11150.735357807913,11188.986623033881,38.25126522596838,0.003430380508419498,28739,27746,-993,0.03455235046452556
seed202|batch13|sample1|location3|r100y_p0.5_d3h|6,seed202,phase10_margin_aware_boundary_band_seed202_40e,runs\phase10_margin_aware_boundary_band_seed202_40e,runs\phase10_margin_aware_boundary_band_seed202_40e\evaluation_test\test_batch_0013\forecast_maps.npz,runs\phase10_margin_aware_boundary_band_seed202_40e\evaluation_test\test_batch_0013\summary.json,13,1,test,location3,r100y_p0.5_d3h,6,12,12,mass_preserving,location3|r100y_p0.5_d3h|6,reliable,0.18692400261978723,reliable,,,prediction,target,0.05,10216.00928450518,10027.661536499858,-188.3477480053225,-0.018436528663985572,23994,24069,75,0.0
seed202|batch14|sample0|location3|r100y_p0.5_d3h|12,seed202,phase10_margin_aware_boundary_band_seed202_40e,runs\phase10_margin_aware_boundary_band_seed202_40e,runs\phase10_margin_aware_boundary_band_seed202_40e\evaluation_test\test_batch_0014\forecast_maps.npz,runs\phase10_margin_aware_boundary_band_seed202_40e\evaluation_test\test_batch_0014\summary.json,14,0,test,location3,r100y_p0.5_d3h,12,12,12,mass_preserving,location3|r100y_p0.5_d3h|12,reliable,0.1360800902048747,reliable,,,prediction,target,0.05,8900.689890892612,10169.770912066102,1269.0810211734897,0.14258232077853225,21087,24042,2955,0.0
seed202|batch14|sample1|location3|r200y_p0.5_d3h|0,seed202,phase10_margin_aware_boundary_band_seed202_40e,runs\phase10_margin_aware_boundary_band_seed202_40e,runs\phase10_margin_aware_boundary_band_seed202_40e\evaluation_test\test_batch_0014\forecast_maps.npz,runs\phase10_margin_aware_boundary_band_seed202_40e\evaluation_test\test_batch_0014\summary.json,14,1,test,location3,r200y_p0.5_d3h,0,12,12,mass_preserving,location3|r200y_p0.5_d3h|0,reliable,0.8809398297844502,reliable,,,prediction,target,0.05,12177.025512791291,11219.31191752851,-957.7135952627814,-0.07864922301893482,30397,27093,-3304,0.10869493700036188
seed202|batch15|sample0|location3|r200y_p0.5_d3h|6,seed202,phase10_margin_aware_boundary_band_seed202_40e,runs\phase10_margin_aware_boundary_band_seed202_40e,runs\phase10_margin_aware_boundary_band_seed202_40e\evaluation_test\test_batch_0015\forecast_maps.npz,runs\phase10_margin_aware_boundary_band_seed202_40e\evaluation_test\test_batch_0015\summary.json,15,0,test,location3,r200y_p0.5_d3h,6,12,12,mass_preserving,location3|r200y_p0.5_d3h|6,reliable,0.2685087369209167,reliable,,,prediction,target,0.05,11065.563376371478,10297.332421198487,-768.2309551729904,-0.06942538116165053,25306,24323,-983,0.03884454279617482
seed202|batch15|sample1|location3|r200y_p0.5_d3h|12,seed202,phase10_margin_aware_boundary_band_seed202_40e,runs\phase10_margin_aware_boundary_band_seed202_40e,runs\phase10_margin_aware_boundary_band_seed202_40e\evaluation_test\test_batch_0015\forecast_maps.npz,runs\phase10_margin_aware_boundary_band_seed202_40e\evaluation_test\test_batch_0015\summary.json,15,1,test,location3,r200y_p0.5_d3h,12,12,12,mass_preserving,location3|r200y_p0.5_d3h|12,reliable,0.12980848948160809,reliable,,,prediction,target,0.05,9561.01620316163,10423.32303674519,862.3068335835615,0.09018987263073715,22244,24227,1983,0.0
seed202|batch16|sample0|location3|r300y_p0.6_d3h|0,seed202,phase10_margin_aware_boundary_band_seed202_40e,runs\phase10_margin_aware_boundary_band_seed202_40e,runs\phase10_margin_aware_boundary_band_seed202_40e\evaluation_test\test_batch_0016\forecast_maps.npz,runs\phase10_margin_aware_boundary_band_seed202_40e\evaluation_test\test_batch_0016\summary.json,16,0,test,location3,r300y_p0.6_d3h,0,12,12,mass_preserving,location3|r300y_p0.6_d3h|0,reliable,1.9700718852628787,reliable,,,prediction,target,0.05,12961.912116011124,11645.213944077492,-1316.6981719336327,-0.10158209376432889,32592,28548,-4044,0.12407952871870398
seed202|batch16|sample1|location3|r300y_p0.6_d3h|6,seed202,phase10_margin_aware_boundary_band_seed202_40e,runs\phase10_margin_aware_boundary_band_seed202_40e,runs\phase10_margin_aware_boundary_band_seed202_40e\evaluation_test\test_batch_0016\forecast_maps.npz,runs\phase10_margin_aware_boundary_band_seed202_40e\evaluation_test\test_batch_0016\summary.json,16,1,test,location3,r300y_p0.6_d3h,6,12,12,mass_preserving,location3|r300y_p0.6_d3h|6,reliable,0.7384652648939676,reliable,,,prediction,target,0.05,11733.236349137313,11378.258681282401,-354.9776678549115,-0.030254028581041176,26235,25660,-575,0.021917286068229465
seed202|batch17|sample0|location3|r300y_p0.6_d3h|12,seed202,phase10_margin_aware_boundary_band_seed202_40e,runs\phase10_margin_aware_boundary_band_seed202_40e,runs\phase10_margin_aware_boundary_band_seed202_40e\evaluation_test\test_batch_0017\forecast_maps.npz,runs\phase10_margin_aware_boundary_band_seed202_40e\evaluation_test\test_batch_0017\summary.json,17,0,test,location3,r300y_p0.6_d3h,12,12,12,mass_preserving,location3|r300y_p0.6_d3h|12,reliable,0.6398848533630371,reliable,,,prediction,target,0.05,10076.452621732433,10321.524872943759,245.07225121132615,0.024321282539726877,22927,23978,1051,0.0
seed202|batch17|sample1|location3|r300y_p0.8_d3h|0,seed202,phase10_margin_aware_boundary_band_seed202_40e,runs\phase10_margin_aware_boundary_band_seed202_40e,runs\phase10_margin_aware_boundary_band_seed202_40e\evaluation_test\test_batch_0017\forecast_maps.npz,runs\phase10_margin_aware_boundary_band_seed202_40e\evaluation_test\test_batch_0017\summary.json,17,1,test,location3,r300y_p0.8_d3h,0,12,12,mass_preserving,location3|r300y_p0.8_d3h|0,reliable,1.8565011306961405,reliable,,,prediction,target,0.05,12145.106137229113,11067.396022543311,-1077.7101146858022,-0.08873616273984082,32760,28287,-4473,0.13653846153846153
seed202|batch18|sample0|location3|r300y_p0.8_d3h|6,seed202,phase10_margin_aware_boundary_band_seed202_40e,runs\phase10_margin_aware_boundary_band_seed202_40e,runs\phase10_margin_aware_boundary_band_seed202_40e\evaluation_test\test_batch_0018\forecast_maps.npz,runs\phase10_margin_aware_boundary_band_seed202_40e\evaluation_test\test_batch_0018\summary.json,18,0,test,location3,r300y_p0.8_d3h,6,12,12,mass_preserving,location3|r300y_p0.8_d3h|6,reliable,1.0676112959491142,reliable,,,prediction,target,0.05,12081.724070549973,11605.966831073165,-475.75723947680854,-0.0393782573330324,27044,27012,-32,0.001183256914657595
seed202|batch18|sample1|location3|r300y_p0.8_d3h|12,seed202,phase10_margin_aware_boundary_band_seed202_40e,runs\phase10_margin_aware_boundary_band_seed202_40e,runs\phase10_margin_aware_boundary_band_seed202_40e\evaluation_test\test_batch_0018\forecast_maps.npz,runs\phase10_margin_aware_boundary_band_seed202_40e\evaluation_test\test_batch_0018\summary.json,18,1,test,location3,r300y_p0.8_d3h,12,12,12,mass_preserving,location3|r300y_p0.8_d3h|12,reliable,0.6852056821187338,reliable,,,prediction,target,0.05,10316.976616710343,10713.28231523931,396.3056985289677,0.03841296857134229,23257,24675,1418,0.0
seed42|batch0|sample0|location1|r100y_p0.5_d3h|0,seed42,phase10_margin_aware_boundary_band_seed42_40e,runs\phase10_margin_aware_boundary_band_seed42_40e,runs\phase10_margin_aware_boundary_band_seed42_40e\evaluation_test\test_batch_0000\forecast_maps.npz,runs\phase10_margin_aware_boundary_band_seed42_40e\evaluation_test\test_batch_0000\summary.json,0,0,test,location1,r100y_p0.5_d3h,0,12,12,mass_preserving,location1|r100y_p0.5_d3h|0,reliable,0.8633111808409426,reliable,,,prediction,target,0.05,12705.188175789435,11770.77839269489,-934.4097830945448,-0.0735455288159465,37051,34503,-2548,0.06877007368222181
seed42|batch0|sample1|location1|r100y_p0.5_d3h|6,seed42,phase10_margin_aware_boundary_band_seed42_40e,runs\phase10_margin_aware_boundary_band_seed42_40e,runs\phase10_margin_aware_boundary_band_seed42_40e\evaluation_test\test_batch_0000\forecast_maps.npz,runs\phase10_margin_aware_boundary_band_seed42_40e\evaluation_test\test_batch_0000\summary.json,0,1,test,location1,r100y_p0.5_d3h,6,12,12,mass_preserving,location1|r100y_p0.5_d3h|6,reliable,0.33766517931342716,reliable,reliable,"Selected as the lowest-risk reliable-labeled case using risk score, false-dry, boundary, RMSE, and stable identity tie-breaks.",prediction,target,0.05,11008.920740269445,10492.337789580226,-516.5829506892187,-0.046924032144187756,31376,30521,-855,0.027250127485976543
seed42|batch1|sample0|location1|r100y_p0.5_d3h|12,seed42,phase10_margin_aware_boundary_band_seed42_40e,runs\phase10_margin_aware_boundary_band_seed42_40e,runs\phase10_margin_aware_boundary_band_seed42_40e\evaluation_test\test_batch_0001\forecast_maps.npz,runs\phase10_margin_aware_boundary_band_seed42_40e\evaluation_test\test_batch_0001\summary.json,1,0,test,location1,r100y_p0.5_d3h,12,12,12,mass_preserving,location1|r100y_p0.5_d3h|12,reliable,0.27551879882812497,reliable,,,prediction,target,0.05,8663.101240284941,9865.879068233073,1202.7778279481317,0.13883917486211564,25826,28985,3159,0.0
seed42|batch1|sample1|location1|r200y_p0.5_d3h|0,seed42,phase10_margin_aware_boundary_band_seed42_40e,runs\phase10_margin_aware_boundary_band_seed42_40e,runs\phase10_margin_aware_boundary_band_seed42_40e\evaluation_test\test_batch_0001\forecast_maps.npz,runs\phase10_margin_aware_boundary_band_seed42_40e\evaluation_test\test_batch_0001\summary.json,1,1,test,location1,r200y_p0.5_d3h,0,12,12,mass_preserving,location1|r200y_p0.5_d3h|0,reliable,1.1673403928180286,reliable,,,prediction,target,0.05,13785.28121613462,11815.21558997035,-1970.065626164269,-0.14291080430469982,38486,34142,-4344,0.11287221327235877
seed42|batch2|sample0|location1|r200y_p0.5_d3h|6,seed42,phase10_margin_aware_boundary_band_seed42_40e,runs\phase10_margin_aware_boundary_band_seed42_40e,runs\phase10_margin_aware_boundary_band_seed42_40e\evaluation_test\test_batch_0002\forecast_maps.npz,runs\phase10_margin_aware_boundary_band_seed42_40e\evaluation_test\test_batch_0002\summary.json,2,0,test,location1,r200y_p0.5_d3h,6,12,12,mass_preserving,location1|r200y_p0.5_d3h|6,reliable,0.4752424056350733,reliable,,,prediction,target,0.05,11915.712958564984,10864.240807883441,-1051.4721506815422,-0.08824248740615614,32621,31177,-1444,0.04426596364305202
seed42|batch2|sample1|location1|r200y_p0.5_d3h|12,seed42,phase10_margin_aware_boundary_band_seed42_40e,runs\phase10_margin_aware_boundary_band_seed42_40e,runs\phase10_margin_aware_boundary_band_seed42_40e\evaluation_test\test_batch_0002\forecast_maps.npz,runs\phase10_margin_aware_boundary_band_seed42_40e\evaluation_test\test_batch_0002\summary.json,2,1,test,location1,r200y_p0.5_d3h,12,12,12,mass_preserving,location1|r200y_p0.5_d3h|12,reliable,0.250081443786621,reliable,,,prediction,target,0.05,9448.001348433436,10021.515710815787,573.5143623823515,0.060702188879073915,26951,28942,1991,0.0
seed42|batch3|sample0|location1|r300y_p0.6_d3h|0,seed42,phase10_margin_aware_boundary_band_seed42_40e,runs\phase10_margin_aware_boundary_band_seed42_40e,runs\phase10_margin_aware_boundary_band_seed42_40e\evaluation_test\test_batch_0003\forecast_maps.npz,runs\phase10_margin_aware_boundary_band_seed42_40e\evaluation_test\test_batch_0003\summary.json,3,0,test,location1,r300y_p0.6_d3h,0,12,12,mass_preserving,location1|r300y_p0.6_d3h|0,reliable,2.175180755582202,reliable,,,prediction,target,0.05,14766.098345840981,12104.804591424763,-2661.293754416218,-0.18022998981080182,40861,35438,-5423,0.1327182398864443
seed42|batch3|sample1|location1|r300y_p0.6_d3h|6,seed42,phase10_margin_aware_boundary_band_seed42_40e,runs\phase10_margin_aware_boundary_band_seed42_40e,runs\phase10_margin_aware_boundary_band_seed42_40e\evaluation_test\test_batch_0003\forecast_maps.npz,runs\phase10_margin_aware_boundary_band_seed42_40e\evaluation_test\test_batch_0003\summary.json,3,1,test,location1,r300y_p0.6_d3h,6,12,12,mass_preserving,location1|r300y_p0.6_d3h|6,reliable,1.2068207612934438,reliable,,,prediction,target,0.05,12927.535079652183,11418.05414532125,-1509.4809343309335,-0.1167647912019084,34305,31677,-2628,0.07660690861390468
seed42|batch4|sample0|location1|r300y_p0.6_d3h|12,seed42,phase10_margin_aware_boundary_band_seed42_40e,runs\phase10_margin_aware_boundary_band_seed42_40e,runs\phase10_margin_aware_boundary_band_seed42_40e\evaluation_test\test_batch_0004\forecast_maps.npz,runs\phase10_margin_aware_boundary_band_seed42_40e\evaluation_test\test_batch_0004\summary.json,4,0,test,location1,r300y_p0.6_d3h,12,12,12,mass_preserving,location1|r300y_p0.6_d3h|12,reliable,0.7130547205607096,reliable,,,prediction,target,0.05,10315.010646687093,10144.113299682736,-170.89734700435656,-0.016567830403475564,28314,29160,846,0.0
seed42|batch4|sample1|location1|r300y_p0.8_d3h|0,seed42,phase10_margin_aware_boundary_band_seed42_40e,runs\phase10_margin_aware_boundary_band_seed42_40e,runs\phase10_margin_aware_boundary_band_seed42_40e\evaluation_test\test_batch_0004\forecast_maps.npz,runs\phase10_margin_aware_boundary_band_seed42_40e\evaluation_test\test_batch_0004\summary.json,4,1,test,location1,r300y_p0.8_d3h,0,12,12,mass_preserving,location1|r300y_p0.8_d3h|0,reliable,1.9864017311943072,reliable,,,prediction,target,0.05,13760.742295845585,11438.614940062165,-2322.1273557834193,-0.16875015212547637,38919,35125,-3794,0.09748451912947403
seed42|batch5|sample0|location1|r300y_p0.8_d3h|6,seed42,phase10_margin_aware_boundary_band_seed42_40e,runs\phase10_margin_aware_boundary_band_seed42_40e,runs\phase10_margin_aware_boundary_band_seed42_40e\evaluation_test\test_batch_0005\forecast_maps.npz,runs\phase10_margin_aware_boundary_band_seed42_40e\evaluation_test\test_batch_0005\summary.json,5,0,test,location1,r300y_p0.8_d3h,6,12,12,mass_preserving,location1|r300y_p0.8_d3h|6,reliable,1.526451204899377,reliable,,,prediction,target,0.05,13556.542795578627,12026.171715892851,-1530.3710796857758,-0.1128880056488219,36028,34515,-1513,0.04199511491062507
seed42|batch5|sample1|location1|r300y_p0.8_d3h|12,seed42,phase10_margin_aware_boundary_band_seed42_40e,runs\phase10_margin_aware_boundary_band_seed42_40e,runs\phase10_margin_aware_boundary_band_seed42_40e\evaluation_test\test_batch_0005\forecast_maps.npz,runs\phase10_margin_aware_boundary_band_seed42_40e\evaluation_test\test_batch_0005\summary.json,5,1,test,location1,r300y_p0.8_d3h,12,12,12,mass_preserving,location1|r300y_p0.8_d3h|12,reliable,0.7199087778727213,reliable,,,prediction,target,0.05,10801.853147690075,11155.079174898565,353.22602720848954,0.032700502624776494,29530,31147,1617,0.0
seed42|batch6|sample0|location2|r100y_p0.5_d3h|0,seed42,phase10_margin_aware_boundary_band_seed42_40e,runs\phase10_margin_aware_boundary_band_seed42_40e,runs\phase10_margin_aware_boundary_band_seed42_40e\evaluation_test\test_batch_0006\forecast_maps.npz,runs\phase10_margin_aware_boundary_band_seed42_40e\evaluation_test\test_batch_0006\summary.json,6,0,test,location2,r100y_p0.5_d3h,0,12,12,mass_preserving,location2|r100y_p0.5_d3h|0,high-risk,5.109393099586229,high-risk,,,prediction,target,0.05,4337.159314481857,2650.446558728814,-1686.712755753043,-0.38889803981169824,14246,9199,-5047,0.3542748841780149
seed42|batch6|sample1|location2|r100y_p0.5_d3h|6,seed42,phase10_margin_aware_boundary_band_seed42_40e,runs\phase10_margin_aware_boundary_band_seed42_40e,runs\phase10_margin_aware_boundary_band_seed42_40e\evaluation_test\test_batch_0006\forecast_maps.npz,runs\phase10_margin_aware_boundary_band_seed42_40e\evaluation_test\test_batch_0006\summary.json,6,1,test,location2,r100y_p0.5_d3h,6,12,12,mass_preserving,location2|r100y_p0.5_d3h|6,caution,3.070936264799175,caution,,,prediction,target,0.05,2628.0219966627137,1874.039590075612,-753.9824065871017,-0.2869011018722723,9461,6890,-2571,0.2717471726033189
seed42|batch7|sample0|location2|r100y_p0.5_d3h|12,seed42,phase10_margin_aware_boundary_band_seed42_40e,runs\phase10_margin_aware_boundary_band_seed42_40e,runs\phase10_margin_aware_boundary_band_seed42_40e\evaluation_test\test_batch_0007\forecast_maps.npz,runs\phase10_margin_aware_boundary_band_seed42_40e\evaluation_test\test_batch_0007\summary.json,7,0,test,location2,r100y_p0.5_d3h,12,12,12,mass_preserving,location2|r100y_p0.5_d3h|12,reliable,2.1333941805946983,reliable,,,prediction,target,0.05,1681.9565989977436,1504.4715300127864,-177.48506898495725,-0.10552297787631282,6639,5727,-912,0.13737008585630367
seed42|batch7|sample1|location2|r200y_p0.5_d3h|0,seed42,phase10_margin_aware_boundary_band_seed42_40e,runs\phase10_margin_aware_boundary_band_seed42_40e,runs\phase10_margin_aware_boundary_band_seed42_40e\evaluation_test\test_batch_0007\forecast_maps.npz,runs\phase10_margin_aware_boundary_band_seed42_40e\evaluation_test\test_batch_0007\summary.json,7,1,test,location2,r200y_p0.5_d3h,0,12,12,mass_preserving,location2|r200y_p0.5_d3h|0,high-risk,5.657277233958493,high-risk,,,prediction,target,0.05,4879.997434176973,2619.8253927603364,-2260.1720414166366,-0.4631502520037332,15283,8909,-6374,0.4170647124255709
seed42|batch8|sample0|location2|r200y_p0.5_d3h|6,seed42,phase10_margin_aware_boundary_band_seed42_40e,runs\phase10_margin_aware_boundary_band_seed42_40e,runs\phase10_margin_aware_boundary_band_seed42_40e\evaluation_test\test_batch_0008\forecast_maps.npz,runs\phase10_margin_aware_boundary_band_seed42_40e\evaluation_test\test_batch_0008\summary.json,8,0,test,location2,r200y_p0.5_d3h,6,12,12,mass_preserving,location2|r200y_p0.5_d3h|6,caution,3.5894173677531853,caution,,,prediction,target,0.05,3139.3635375449094,1976.8020483329892,-1162.5614892119202,-0.37031757402683074,10394,7127,-3267,0.3143159515104868
seed42|batch8|sample1|location2|r200y_p0.5_d3h|12,seed42,phase10_margin_aware_boundary_band_seed42_40e,runs\phase10_margin_aware_boundary_band_seed42_40e,runs\phase10_margin_aware_boundary_band_seed42_40e\evaluation_test\test_batch_0008\forecast_maps.npz,runs\phase10_margin_aware_boundary_band_seed42_40e\evaluation_test\test_batch_0008\summary.json,8,1,test,location2,r200y_p0.5_d3h,12,12,12,mass_preserving,location2|r200y_p0.5_d3h|12,caution,2.510574456255723,caution,,,prediction,target,0.05,2069.1925962743544,1554.9729817807674,-514.219614493587,-0.24851220491483267,7509,5906,-1603,0.2134771607404448
seed42|batch9|sample0|location2|r300y_p0.6_d3h|0,seed42,phase10_margin_aware_boundary_band_seed42_40e,runs\phase10_margin_aware_boundary_band_seed42_40e,runs\phase10_margin_aware_boundary_band_seed42_40e\evaluation_test\test_batch_0009\forecast_maps.npz,runs\phase10_margin_aware_boundary_band_seed42_40e\evaluation_test\test_batch_0009\summary.json,9,0,test,location2,r300y_p0.6_d3h,0,12,12,mass_preserving,location2|r300y_p0.6_d3h|0,high-risk,8.414374780117354,high-risk,,,prediction,target,0.05,5664.12663361832,2343.6512847840786,-3320.4753488342412,-0.5862290099812046,17372,9403,-7969,0.4587266866221506
seed42|batch9|sample1|location2|r300y_p0.6_d3h|6,seed42,phase10_margin_aware_boundary_band_seed42_40e,runs\phase10_margin_aware_boundary_band_seed42_40e,runs\phase10_margin_aware_boundary_band_seed42_40e\evaluation_test\test_batch_0009\forecast_maps.npz,runs\phase10_margin_aware_boundary_band_seed42_40e\evaluation_test\test_batch_0009\summary.json,9,1,test,location2,r300y_p0.6_d3h,6,12,12,mass_preserving,location2|r300y_p0.6_d3h|6,caution,4.666625702538086,caution,caution,Selected as a representative caution-labeled case closest to the caution risk midpoint with stable tie-breaks.,prediction,target,0.05,3571.4163164201727,2978.305224493146,-593.1110919270268,-0.16607167559830568,11187,11110,-77,0.00688298918387414
seed42|batch10|sample0|location2|r300y_p0.6_d3h|12,seed42,phase10_margin_aware_boundary_band_seed42_40e,runs\phase10_margin_aware_boundary_band_seed42_40e,runs\phase10_margin_aware_boundary_band_seed42_40e\evaluation_test\test_batch_0010\forecast_maps.npz,runs\phase10_margin_aware_boundary_band_seed42_40e\evaluation_test\test_batch_0010\summary.json,10,0,test,location2,r300y_p0.6_d3h,12,12,12,mass_preserving,location2|r300y_p0.6_d3h|12,caution,3.4126328560071757,caution,,,prediction,target,0.05,2432.226185890793,2528.1542500928044,95.92806420201123,0.03944043722515797,8238,9277,1039,0.0
seed42|batch10|sample1|location2|r300y_p0.6_d3h|18,seed42,phase10_margin_aware_boundary_band_seed42_40e,runs\phase10_margin_aware_boundary_band_seed42_40e,runs\phase10_margin_aware_boundary_band_seed42_40e\evaluation_test\test_batch_0010\forecast_maps.npz,runs\phase10_margin_aware_boundary_band_seed42_40e\evaluation_test\test_batch_0010\summary.json,10,1,test,location2,r300y_p0.6_d3h,18,12,12,mass_preserving,location2|r300y_p0.6_d3h|18,caution,4.074317948265137,caution,,,prediction,target,0.05,1753.9167400826755,1522.3460093215108,-231.57073076116467,-0.13203062920207317,6493,5410,-1083,0.16679501001078084
seed42|batch11|sample0|location2|r300y_p0.6_d3h|24,seed42,phase10_margin_aware_boundary_band_seed42_40e,runs\phase10_margin_aware_boundary_band_seed42_40e,runs\phase10_margin_aware_boundary_band_seed42_40e\evaluation_test\test_batch_0011\forecast_maps.npz,runs\phase10_margin_aware_boundary_band_seed42_40e\evaluation_test\test_batch_0011\summary.json,11,0,test,location2,r300y_p0.6_d3h,24,12,12,mass_preserving,location2|r300y_p0.6_d3h|24,caution,4.865340345876418,caution,,,prediction,target,0.05,1426.6588724858502,1204.5049930363894,-222.15387944946087,-0.15571618677306773,5687,4183,-1504,0.2644628099173554
seed42|batch11|sample1|location2|r300y_p0.8_d3h|0,seed42,phase10_margin_aware_boundary_band_seed42_40e,runs\phase10_margin_aware_boundary_band_seed42_40e,runs\phase10_margin_aware_boundary_band_seed42_40e\evaluation_test\test_batch_0011\forecast_maps.npz,runs\phase10_margin_aware_boundary_band_seed42_40e\evaluation_test\test_batch_0011\summary.json,11,1,test,location2,r300y_p0.8_d3h,0,12,12,mass_preserving,location2|r300y_p0.8_d3h|0,high-risk,8.592822894640216,high-risk,high-risk,"Selected as a high-risk case, prioritizing Phase-13-like location2+r300y evidence and then stronger risk evidence.",prediction,target,0.05,5485.095879351298,2350.261776164174,-3134.834103187124,-0.5715185608675029,17942,8645,-9297,0.5181696577861999
seed42|batch12|sample0|location2|r300y_p0.8_d3h|6,seed42,phase10_margin_aware_boundary_band_seed42_40e,runs\phase10_margin_aware_boundary_band_seed42_40e,runs\phase10_margin_aware_boundary_band_seed42_40e\evaluation_test\test_batch_0012\forecast_maps.npz,runs\phase10_margin_aware_boundary_band_seed42_40e\evaluation_test\test_batch_0012\summary.json,12,0,test,location2,r300y_p0.8_d3h,6,12,12,mass_preserving,location2|r300y_p0.8_d3h|6,high-risk,5.819418164668541,high-risk,,,prediction,target,0.05,3869.3442239054784,2720.071087896824,-1149.2731360086545,-0.29702013300037927,11825,9464,-2361,0.199661733615222
seed42|batch12|sample1|location2|r300y_p0.8_d3h|12,seed42,phase10_margin_aware_boundary_band_seed42_40e,runs\phase10_margin_aware_boundary_band_seed42_40e,runs\phase10_margin_aware_boundary_band_seed42_40e\evaluation_test\test_batch_0012\forecast_maps.npz,runs\phase10_margin_aware_boundary_band_seed42_40e\evaluation_test\test_batch_0012\summary.json,12,1,test,location2,r300y_p0.8_d3h,12,12,12,mass_preserving,location2|r300y_p0.8_d3h|12,caution,3.6364844407542147,caution,,,prediction,target,0.05,2507.0610672819257,2160.1245837956667,-346.936483486259,-0.1383837386388024,8448,7831,-617,0.07303503787878787
seed42|batch13|sample0|location3|r100y_p0.5_d3h|0,seed42,phase10_margin_aware_boundary_band_seed42_40e,runs\phase10_margin_aware_boundary_band_seed42_40e,runs\phase10_margin_aware_boundary_band_seed42_40e\evaluation_test\test_batch_0013\forecast_maps.npz,runs\phase10_margin_aware_boundary_band_seed42_40e\evaluation_test\test_batch_0013\summary.json,13,0,test,location3,r100y_p0.5_d3h,0,12,12,mass_preserving,location3|r100y_p0.5_d3h|0,reliable,1.2991621175764827,reliable,,,prediction,target,0.05,11150.735357807913,10298.90167376399,-851.8336840439224,-0.07639260162760976,28739,25724,-3015,0.10490970458262291
seed42|batch13|sample1|location3|r100y_p0.5_d3h|6,seed42,phase10_margin_aware_boundary_band_seed42_40e,runs\phase10_margin_aware_boundary_band_seed42_40e,runs\phase10_margin_aware_boundary_band_seed42_40e\evaluation_test\test_batch_0013\forecast_maps.npz,runs\phase10_margin_aware_boundary_band_seed42_40e\evaluation_test\test_batch_0013\summary.json,13,1,test,location3,r100y_p0.5_d3h,6,12,12,mass_preserving,location3|r100y_p0.5_d3h|6,reliable,0.3598511595726864,reliable,,,prediction,target,0.05,10216.00928450518,9719.661706529558,-496.3475779756227,-0.048585270838432254,23994,23513,-481,0.02004667833625073
seed42|batch14|sample0|location3|r100y_p0.5_d3h|12,seed42,phase10_margin_aware_boundary_band_seed42_40e,runs\phase10_margin_aware_boundary_band_seed42_40e,runs\phase10_margin_aware_boundary_band_seed42_40e\evaluation_test\test_batch_0014\forecast_maps.npz,runs\phase10_margin_aware_boundary_band_seed42_40e\evaluation_test\test_batch_0014\summary.json,14,0,test,location3,r100y_p0.5_d3h,12,12,12,mass_preserving,location3|r100y_p0.5_d3h|12,reliable,0.1853456338246663,reliable,,,prediction,target,0.05,8900.689890892612,9407.798925235868,507.1090343432552,0.056974126787873,21087,23149,2062,0.0
seed42|batch14|sample1|location3|r200y_p0.5_d3h|0,seed42,phase10_margin_aware_boundary_band_seed42_40e,runs\phase10_margin_aware_boundary_band_seed42_40e,runs\phase10_margin_aware_boundary_band_seed42_40e\evaluation_test\test_batch_0014\forecast_maps.npz,runs\phase10_margin_aware_boundary_band_seed42_40e\evaluation_test\test_batch_0014\summary.json,14,1,test,location3,r200y_p0.5_d3h,0,12,12,mass_preserving,location3|r200y_p0.5_d3h|0,reliable,1.685488583330692,reliable,,,prediction,target,0.05,12177.025512791291,10364.44821818173,-1812.5772946095622,-0.14885222115249327,30397,25630,-4767,0.15682468664670857
seed42|batch15|sample0|location3|r200y_p0.5_d3h|6,seed42,phase10_margin_aware_boundary_band_seed42_40e,runs\phase10_margin_aware_boundary_band_seed42_40e,runs\phase10_margin_aware_boundary_band_seed42_40e\evaluation_test\test_batch_0015\forecast_maps.npz,runs\phase10_margin_aware_boundary_band_seed42_40e\evaluation_test\test_batch_0015\summary.json,15,0,test,location3,r200y_p0.5_d3h,6,12,12,mass_preserving,location3|r200y_p0.5_d3h|6,reliable,0.6089373826785298,reliable,,,prediction,target,0.05,11065.563376371478,9988.06837632507,-1077.4950000464069,-0.0973737136915418,25306,23988,-1318,0.05208251007666166
seed42|batch15|sample1|location3|r200y_p0.5_d3h|12,seed42,phase10_margin_aware_boundary_band_seed42_40e,runs\phase10_margin_aware_boundary_band_seed42_40e,runs\phase10_margin_aware_boundary_band_seed42_40e\evaluation_test\test_batch_0015\forecast_maps.npz,runs\phase10_margin_aware_boundary_band_seed42_40e\evaluation_test\test_batch_0015\summary.json,15,1,test,location3,r200y_p0.5_d3h,12,12,12,mass_preserving,location3|r200y_p0.5_d3h|12,reliable,0.1860422134399414,reliable,,,prediction,target,0.05,9561.01620316163,9556.190215848386,-4.8259873132428766,-0.0005047567340851303,22244,23248,1004,0.0
seed42|batch16|sample0|location3|r300y_p0.6_d3h|0,seed42,phase10_margin_aware_boundary_band_seed42_40e,runs\phase10_margin_aware_boundary_band_seed42_40e,runs\phase10_margin_aware_boundary_band_seed42_40e\evaluation_test\test_batch_0016\forecast_maps.npz,runs\phase10_margin_aware_boundary_band_seed42_40e\evaluation_test\test_batch_0016\summary.json,16,0,test,location3,r300y_p0.6_d3h,0,12,12,mass_preserving,location3|r300y_p0.6_d3h|0,caution,2.8133862049355667,caution,,,prediction,target,0.05,12961.912116011124,10488.333912417293,-2473.578203593832,-0.19083436004309573,32592,26399,-6193,0.19001595483554246
seed42|batch16|sample1|location3|r300y_p0.6_d3h|6,seed42,phase10_margin_aware_boundary_band_seed42_40e,runs\phase10_margin_aware_boundary_band_seed42_40e,runs\phase10_margin_aware_boundary_band_seed42_40e\evaluation_test\test_batch_0016\forecast_maps.npz,runs\phase10_margin_aware_boundary_band_seed42_40e\evaluation_test\test_batch_0016\summary.json,16,1,test,location3,r300y_p0.6_d3h,6,12,12,mass_preserving,location3|r300y_p0.6_d3h|6,reliable,1.2661212833882334,reliable,,,prediction,target,0.05,11733.236349137313,10392.699395813048,-1340.5369533242647,-0.1142512528883668,26235,24783,-1452,0.055345911949685536
seed42|batch17|sample0|location3|r300y_p0.6_d3h|12,seed42,phase10_margin_aware_boundary_band_seed42_40e,runs\phase10_margin_aware_boundary_band_seed42_40e,runs\phase10_margin_aware_boundary_band_seed42_40e\evaluation_test\test_batch_0017\forecast_maps.npz,runs\phase10_margin_aware_boundary_band_seed42_40e\evaluation_test\test_batch_0017\summary.json,17,0,test,location3,r300y_p0.6_d3h,12,12,12,mass_preserving,location3|r300y_p0.6_d3h|12,reliable,0.7476504376544629,reliable,,,prediction,target,0.05,10076.452621732433,9644.902300700545,-431.5503210318875,-0.04282760384355298,22927,23063,136,0.0
seed42|batch17|sample1|location3|r300y_p0.8_d3h|0,seed42,phase10_margin_aware_boundary_band_seed42_40e,runs\phase10_margin_aware_boundary_band_seed42_40e,runs\phase10_margin_aware_boundary_band_seed42_40e\evaluation_test\test_batch_0017\forecast_maps.npz,runs\phase10_margin_aware_boundary_band_seed42_40e\evaluation_test\test_batch_0017\summary.json,17,1,test,location3,r300y_p0.8_d3h,0,12,12,mass_preserving,location3|r300y_p0.8_d3h|0,caution,2.904894119132844,caution,,,prediction,target,0.05,12145.106137229113,9946.953525066376,-2198.1526121627376,-0.18099081122268748,32760,25590,-7170,0.21886446886446886
seed42|batch18|sample0|location3|r300y_p0.8_d3h|6,seed42,phase10_margin_aware_boundary_band_seed42_40e,runs\phase10_margin_aware_boundary_band_seed42_40e,runs\phase10_margin_aware_boundary_band_seed42_40e\evaluation_test\test_batch_0018\forecast_maps.npz,runs\phase10_margin_aware_boundary_band_seed42_40e\evaluation_test\test_batch_0018\summary.json,18,0,test,location3,r300y_p0.8_d3h,6,12,12,mass_preserving,location3|r300y_p0.8_d3h|6,reliable,1.6879928413092813,reliable,,,prediction,target,0.05,12081.724070549973,10520.194961071014,-1561.529109478959,-0.12924720845804555,27044,26100,-944,0.03490607898239905
seed42|batch18|sample1|location3|r300y_p0.8_d3h|12,seed42,phase10_margin_aware_boundary_band_seed42_40e,runs\phase10_margin_aware_boundary_band_seed42_40e,runs\phase10_margin_aware_boundary_band_seed42_40e\evaluation_test\test_batch_0018\forecast_maps.npz,runs\phase10_margin_aware_boundary_band_seed42_40e\evaluation_test\test_batch_0018\summary.json,18,1,test,location3,r300y_p0.8_d3h,12,12,12,mass_preserving,location3|r300y_p0.8_d3h|12,reliable,0.7865036964416503,reliable,,,prediction,target,0.05,10316.976616710343,10211.862274773419,-105.11434193692367,-0.010188483103341596,23257,24343,1086,0.0
seed42|batch0|sample0|location1|r100y_p0.5_d3h|0,seed42,phase25_target_wet_recall_seed42_40e,runs\phase25_target_wet_recall_seed42_40e,runs\phase25_target_wet_recall_seed42_40e\evaluation_test\test_batch_0000\forecast_maps.npz,runs\phase25_target_wet_recall_seed42_40e\evaluation_test\test_batch_0000\summary.json,0,0,test,location1,r100y_p0.5_d3h,0,12,12,mass_preserving,location1|r100y_p0.5_d3h|0,reliable,0.8633111808409426,reliable,,,prediction,target,0.05,12705.188175789435,13166.861948601902,461.67377281246627,0.036337421093236205,37051,38438,1387,0.0
seed42|batch0|sample1|location1|r100y_p0.5_d3h|6,seed42,phase25_target_wet_recall_seed42_40e,runs\phase25_target_wet_recall_seed42_40e,runs\phase25_target_wet_recall_seed42_40e\evaluation_test\test_batch_0000\forecast_maps.npz,runs\phase25_target_wet_recall_seed42_40e\evaluation_test\test_batch_0000\summary.json,0,1,test,location1,r100y_p0.5_d3h,6,12,12,mass_preserving,location1|r100y_p0.5_d3h|6,reliable,0.33766517931342716,reliable,reliable,"Selected as the lowest-risk reliable-labeled case using risk score, false-dry, boundary, RMSE, and stable identity tie-breaks.",prediction,target,0.05,11008.920740269445,11422.146852374077,413.2261121046322,0.037535569730563656,31376,33688,2312,0.0
seed42|batch1|sample0|location1|r100y_p0.5_d3h|12,seed42,phase25_target_wet_recall_seed42_40e,runs\phase25_target_wet_recall_seed42_40e,runs\phase25_target_wet_recall_seed42_40e\evaluation_test\test_batch_0001\forecast_maps.npz,runs\phase25_target_wet_recall_seed42_40e\evaluation_test\test_batch_0001\summary.json,1,0,test,location1,r100y_p0.5_d3h,12,12,12,mass_preserving,location1|r100y_p0.5_d3h|12,reliable,0.27551879882812497,reliable,,,prediction,target,0.05,8663.101240284941,10479.350717246532,1816.2494769615914,0.20965349781619919,25826,31100,5274,0.0
seed42|batch1|sample1|location1|r200y_p0.5_d3h|0,seed42,phase25_target_wet_recall_seed42_40e,runs\phase25_target_wet_recall_seed42_40e,runs\phase25_target_wet_recall_seed42_40e\evaluation_test\test_batch_0001\forecast_maps.npz,runs\phase25_target_wet_recall_seed42_40e\evaluation_test\test_batch_0001\summary.json,1,1,test,location1,r200y_p0.5_d3h,0,12,12,mass_preserving,location1|r200y_p0.5_d3h|0,reliable,1.1673403928180286,reliable,,,prediction,target,0.05,13785.28121613462,13054.886451423168,-730.394764711451,-0.05298366810657295,38486,37722,-764,0.01985137452580159
seed42|batch2|sample0|location1|r200y_p0.5_d3h|6,seed42,phase25_target_wet_recall_seed42_40e,runs\phase25_target_wet_recall_seed42_40e,runs\phase25_target_wet_recall_seed42_40e\evaluation_test\test_batch_0002\forecast_maps.npz,runs\phase25_target_wet_recall_seed42_40e\evaluation_test\test_batch_0002\summary.json,2,0,test,location1,r200y_p0.5_d3h,6,12,12,mass_preserving,location1|r200y_p0.5_d3h|6,reliable,0.4752424056350733,reliable,,,prediction,target,0.05,11915.712958564984,11895.58196144551,-20.13099711947325,-0.0016894496526960346,32621,34234,1613,0.0
seed42|batch2|sample1|location1|r200y_p0.5_d3h|12,seed42,phase25_target_wet_recall_seed42_40e,runs\phase25_target_wet_recall_seed42_40e,runs\phase25_target_wet_recall_seed42_40e\evaluation_test\test_batch_0002\forecast_maps.npz,runs\phase25_target_wet_recall_seed42_40e\evaluation_test\test_batch_0002\summary.json,2,1,test,location1,r200y_p0.5_d3h,12,12,12,mass_preserving,location1|r200y_p0.5_d3h|12,reliable,0.250081443786621,reliable,,,prediction,target,0.05,9448.001348433436,10999.056169629097,1551.0548211956611,0.16416750633220856,26951,31750,4799,0.0
seed42|batch3|sample0|location1|r300y_p0.6_d3h|0,seed42,phase25_target_wet_recall_seed42_40e,runs\phase25_target_wet_recall_seed42_40e,runs\phase25_target_wet_recall_seed42_40e\evaluation_test\test_batch_0003\forecast_maps.npz,runs\phase25_target_wet_recall_seed42_40e\evaluation_test\test_batch_0003\summary.json,3,0,test,location1,r300y_p0.6_d3h,0,12,12,mass_preserving,location1|r300y_p0.6_d3h|0,reliable,2.175180755582202,reliable,,,prediction,target,0.05,14766.098345840981,13594.87105846405,-1171.2272873769307,-0.07931867037217848,40861,39075,-1786,0.04370916032402535
seed42|batch3|sample1|location1|r300y_p0.6_d3h|6,seed42,phase25_target_wet_recall_seed42_40e,runs\phase25_target_wet_recall_seed42_40e,runs\phase25_target_wet_recall_seed42_40e\evaluation_test\test_batch_0003\forecast_maps.npz,runs\phase25_target_wet_recall_seed42_40e\evaluation_test\test_batch_0003\summary.json,3,1,test,location1,r300y_p0.6_d3h,6,12,12,mass_preserving,location1|r300y_p0.6_d3h|6,reliable,1.2068207612934438,reliable,,,prediction,target,0.05,12927.535079652183,12600.550058454275,-326.9850211979083,-0.025293686629601925,34305,34727,422,0.0
seed42|batch4|sample0|location1|r300y_p0.6_d3h|12,seed42,phase25_target_wet_recall_seed42_40e,runs\phase25_target_wet_recall_seed42_40e,runs\phase25_target_wet_recall_seed42_40e\evaluation_test\test_batch_0004\forecast_maps.npz,runs\phase25_target_wet_recall_seed42_40e\evaluation_test\test_batch_0004\summary.json,4,0,test,location1,r300y_p0.6_d3h,12,12,12,mass_preserving,location1|r300y_p0.6_d3h|12,reliable,0.7130547205607096,reliable,,,prediction,target,0.05,10315.010646687093,10910.895918272436,595.8852715853427,0.05776875002806955,28314,31280,2966,0.0
seed42|batch4|sample1|location1|r300y_p0.8_d3h|0,seed42,phase25_target_wet_recall_seed42_40e,runs\phase25_target_wet_recall_seed42_40e,runs\phase25_target_wet_recall_seed42_40e\evaluation_test\test_batch_0004\forecast_maps.npz,runs\phase25_target_wet_recall_seed42_40e\evaluation_test\test_batch_0004\summary.json,4,1,test,location1,r300y_p0.8_d3h,0,12,12,mass_preserving,location1|r300y_p0.8_d3h|0,reliable,1.9864017311943072,reliable,,,prediction,target,0.05,13760.742295845585,13169.396685913205,-591.3456099323794,-0.042973380157762905,38919,39379,460,0.0
seed42|batch5|sample0|location1|r300y_p0.8_d3h|6,seed42,phase25_target_wet_recall_seed42_40e,runs\phase25_target_wet_recall_seed42_40e,runs\phase25_target_wet_recall_seed42_40e\evaluation_test\test_batch_0005\forecast_maps.npz,runs\phase25_target_wet_recall_seed42_40e\evaluation_test\test_batch_0005\summary.json,5,0,test,location1,r300y_p0.8_d3h,6,12,12,mass_preserving,location1|r300y_p0.8_d3h|6,reliable,1.526451204899377,reliable,,,prediction,target,0.05,13556.542795578627,13399.849986463785,-156.69280911484202,-0.01155846379697531,36028,37737,1709,0.0
seed42|batch5|sample1|location1|r300y_p0.8_d3h|12,seed42,phase25_target_wet_recall_seed42_40e,runs\phase25_target_wet_recall_seed42_40e,runs\phase25_target_wet_recall_seed42_40e\evaluation_test\test_batch_0005\forecast_maps.npz,runs\phase25_target_wet_recall_seed42_40e\evaluation_test\test_batch_0005\summary.json,5,1,test,location1,r300y_p0.8_d3h,12,12,12,mass_preserving,location1|r300y_p0.8_d3h|12,reliable,0.7199087778727213,reliable,,,prediction,target,0.05,10801.853147690075,11776.88676789403,975.0336202039543,0.090265402322421,29530,32953,3423,0.0
seed42|batch6|sample0|location2|r100y_p0.5_d3h|0,seed42,phase25_target_wet_recall_seed42_40e,runs\phase25_target_wet_recall_seed42_40e,runs\phase25_target_wet_recall_seed42_40e\evaluation_test\test_batch_0006\forecast_maps.npz,runs\phase25_target_wet_recall_seed42_40e\evaluation_test\test_batch_0006\summary.json,6,0,test,location2,r100y_p0.5_d3h,0,12,12,mass_preserving,location2|r100y_p0.5_d3h|0,high-risk,5.109393099586229,high-risk,,,prediction,target,0.05,4337.159314481857,3599.5849306061864,-737.5743838756707,-0.17005932463972348,14246,13331,-915,0.06422855538396743
seed42|batch6|sample1|location2|r100y_p0.5_d3h|6,seed42,phase25_target_wet_recall_seed42_40e,runs\phase25_target_wet_recall_seed42_40e,runs\phase25_target_wet_recall_seed42_40e\evaluation_test\test_batch_0006\forecast_maps.npz,runs\phase25_target_wet_recall_seed42_40e\evaluation_test\test_batch_0006\summary.json,6,1,test,location2,r100y_p0.5_d3h,6,12,12,mass_preserving,location2|r100y_p0.5_d3h|6,caution,3.070936264799175,caution,,,prediction,target,0.05,2628.0219966627137,2413.0782362148166,-214.94376044789715,-0.08178917859928533,9461,9263,-198,0.020928020293837862
seed42|batch7|sample0|location2|r100y_p0.5_d3h|12,seed42,phase25_target_wet_recall_seed42_40e,runs\phase25_target_wet_recall_seed42_40e,runs\phase25_target_wet_recall_seed42_40e\evaluation_test\test_batch_0007\forecast_maps.npz,runs\phase25_target_wet_recall_seed42_40e\evaluation_test\test_batch_0007\summary.json,7,0,test,location2,r100y_p0.5_d3h,12,12,12,mass_preserving,location2|r100y_p0.5_d3h|12,reliable,2.1333941805946983,reliable,,,prediction,target,0.05,1681.9565989977436,2089.089872188866,407.1332731911225,0.24205932152692167,6639,7952,1313,0.0
seed42|batch7|sample1|location2|r200y_p0.5_d3h|0,seed42,phase25_target_wet_recall_seed42_40e,runs\phase25_target_wet_recall_seed42_40e,runs\phase25_target_wet_recall_seed42_40e\evaluation_test\test_batch_0007\forecast_maps.npz,runs\phase25_target_wet_recall_seed42_40e\evaluation_test\test_batch_0007\summary.json,7,1,test,location2,r200y_p0.5_d3h,0,12,12,mass_preserving,location2|r200y_p0.5_d3h|0,high-risk,5.657277233958493,high-risk,,,prediction,target,0.05,4879.997434176973,3413.0901589766145,-1466.9072752003585,-0.3005959111631699,15283,12286,-2997,0.19610024209906432
seed42|batch8|sample0|location2|r200y_p0.5_d3h|6,seed42,phase25_target_wet_recall_seed42_40e,runs\phase25_target_wet_recall_seed42_40e,runs\phase25_target_wet_recall_seed42_40e\evaluation_test\test_batch_0008\forecast_maps.npz,runs\phase25_target_wet_recall_seed42_40e\evaluation_test\test_batch_0008\summary.json,8,0,test,location2,r200y_p0.5_d3h,6,12,12,mass_preserving,location2|r200y_p0.5_d3h|6,caution,3.5894173677531853,caution,,,prediction,target,0.05,3139.3635375449094,2574.8310309797525,-564.5325065651568,-0.17982387188157276,10394,9512,-882,0.08485664806619203
seed42|batch8|sample1|location2|r200y_p0.5_d3h|12,seed42,phase25_target_wet_recall_seed42_40e,runs\phase25_target_wet_recall_seed42_40e,runs\phase25_target_wet_recall_seed42_40e\evaluation_test\test_batch_0008\forecast_maps.npz,runs\phase25_target_wet_recall_seed42_40e\evaluation_test\test_batch_0008\summary.json,8,1,test,location2,r200y_p0.5_d3h,12,12,12,mass_preserving,location2|r200y_p0.5_d3h|12,caution,2.510574456255723,caution,,,prediction,target,0.05,2069.1925962743544,2219.884361937642,150.6917656632877,0.07282636035650471,7509,8304,795,0.0
seed42|batch9|sample0|location2|r300y_p0.6_d3h|0,seed42,phase25_target_wet_recall_seed42_40e,runs\phase25_target_wet_recall_seed42_40e,runs\phase25_target_wet_recall_seed42_40e\evaluation_test\test_batch_0009\forecast_maps.npz,runs\phase25_target_wet_recall_seed42_40e\evaluation_test\test_batch_0009\summary.json,9,0,test,location2,r300y_p0.6_d3h,0,12,12,mass_preserving,location2|r300y_p0.6_d3h|0,high-risk,8.414374780117354,high-risk,,,prediction,target,0.05,5664.12663361832,4046.874152459204,-1617.2524811591156,-0.2855254809382666,17372,16538,-834,0.048008289201013125
seed42|batch9|sample1|location2|r300y_p0.6_d3h|6,seed42,phase25_target_wet_recall_seed42_40e,runs\phase25_target_wet_recall_seed42_40e,runs\phase25_target_wet_recall_seed42_40e\evaluation_test\test_batch_0009\forecast_maps.npz,runs\phase25_target_wet_recall_seed42_40e\evaluation_test\test_batch_0009\summary.json,9,1,test,location2,r300y_p0.6_d3h,6,12,12,mass_preserving,location2|r300y_p0.6_d3h|6,caution,4.666625702538086,caution,caution,Selected as a representative caution-labeled case closest to the caution risk midpoint with stable tie-breaks.,prediction,target,0.05,3571.4163164201727,4355.182516857982,783.766200437809,0.21945528916198181,11187,15886,4699,0.0
seed42|batch10|sample0|location2|r300y_p0.6_d3h|12,seed42,phase25_target_wet_recall_seed42_40e,runs\phase25_target_wet_recall_seed42_40e,runs\phase25_target_wet_recall_seed42_40e\evaluation_test\test_batch_0010\forecast_maps.npz,runs\phase25_target_wet_recall_seed42_40e\evaluation_test\test_batch_0010\summary.json,10,0,test,location2,r300y_p0.6_d3h,12,12,12,mass_preserving,location2|r300y_p0.6_d3h|12,caution,3.4126328560071757,caution,,,prediction,target,0.05,2432.226185890793,3130.4316031336784,698.2054172428852,0.2870643451226434,8238,11406,3168,0.0
seed42|batch10|sample1|location2|r300y_p0.6_d3h|18,seed42,phase25_target_wet_recall_seed42_40e,runs\phase25_target_wet_recall_seed42_40e,runs\phase25_target_wet_recall_seed42_40e\evaluation_test\test_batch_0010\forecast_maps.npz,runs\phase25_target_wet_recall_seed42_40e\evaluation_test\test_batch_0010\summary.json,10,1,test,location2,r300y_p0.6_d3h,18,12,12,mass_preserving,location2|r300y_p0.6_d3h|18,caution,4.074317948265137,caution,,,prediction,target,0.05,1753.9167400826755,2001.2325894236565,247.315849340981,0.1410077477961258,6493,7560,1067,0.0
seed42|batch11|sample0|location2|r300y_p0.6_d3h|24,seed42,phase25_target_wet_recall_seed42_40e,runs\phase25_target_wet_recall_seed42_40e,runs\phase25_target_wet_recall_seed42_40e\evaluation_test\test_batch_0011\forecast_maps.npz,runs\phase25_target_wet_recall_seed42_40e\evaluation_test\test_batch_0011\summary.json,11,0,test,location2,r300y_p0.6_d3h,24,12,12,mass_preserving,location2|r300y_p0.6_d3h|24,caution,4.865340345876418,caution,,,prediction,target,0.05,1426.6588724858502,1637.7304479628801,211.0715754770299,0.1479481742606436,5687,6327,640,0.0
seed42|batch11|sample1|location2|r300y_p0.8_d3h|0,seed42,phase25_target_wet_recall_seed42_40e,runs\phase25_target_wet_recall_seed42_40e,runs\phase25_target_wet_recall_seed42_40e\evaluation_test\test_batch_0011\forecast_maps.npz,runs\phase25_target_wet_recall_seed42_40e\evaluation_test\test_batch_0011\summary.json,11,1,test,location2,r300y_p0.8_d3h,0,12,12,mass_preserving,location2|r300y_p0.8_d3h|0,high-risk,8.592822894640216,high-risk,high-risk,"Selected as a high-risk case, prioritizing Phase-13-like location2+r300y evidence and then stronger risk evidence.",prediction,target,0.05,5485.095879351298,3789.187387496233,-1695.9084918550652,-0.30918484000240193,17942,14525,-3417,0.19044699587559916
seed42|batch12|sample0|location2|r300y_p0.8_d3h|6,seed42,phase25_target_wet_recall_seed42_40e,runs\phase25_target_wet_recall_seed42_40e,runs\phase25_target_wet_recall_seed42_40e\evaluation_test\test_batch_0012\forecast_maps.npz,runs\phase25_target_wet_recall_seed42_40e\evaluation_test\test_batch_0012\summary.json,12,0,test,location2,r300y_p0.8_d3h,6,12,12,mass_preserving,location2|r300y_p0.8_d3h|6,high-risk,5.819418164668541,high-risk,,,prediction,target,0.05,3869.3442239054784,3644.1238279789686,-225.2203959265098,-0.05820634787028231,11825,12375,550,0.0
seed42|batch12|sample1|location2|r300y_p0.8_d3h|12,seed42,phase25_target_wet_recall_seed42_40e,runs\phase25_target_wet_recall_seed42_40e,runs\phase25_target_wet_recall_seed42_40e\evaluation_test\test_batch_0012\forecast_maps.npz,runs\phase25_target_wet_recall_seed42_40e\evaluation_test\test_batch_0012\summary.json,12,1,test,location2,r300y_p0.8_d3h,12,12,12,mass_preserving,location2|r300y_p0.8_d3h|12,caution,3.6364844407542147,caution,,,prediction,target,0.05,2507.0610672819257,2589.5184765458107,82.45740926388498,0.03289006811201557,8448,9174,726,0.0
seed42|batch13|sample0|location3|r100y_p0.5_d3h|0,seed42,phase25_target_wet_recall_seed42_40e,runs\phase25_target_wet_recall_seed42_40e,runs\phase25_target_wet_recall_seed42_40e\evaluation_test\test_batch_0013\forecast_maps.npz,runs\phase25_target_wet_recall_seed42_40e\evaluation_test\test_batch_0013\summary.json,13,0,test,location3,r100y_p0.5_d3h,0,12,12,mass_preserving,location3|r100y_p0.5_d3h|0,reliable,1.2991621175764827,reliable,,,prediction,target,0.05,11150.735357807913,11769.828570440412,619.0932126324988,0.05552039329845635,28739,30329,1590,0.0
seed42|batch13|sample1|location3|r100y_p0.5_d3h|6,seed42,phase25_target_wet_recall_seed42_40e,runs\phase25_target_wet_recall_seed42_40e,runs\phase25_target_wet_recall_seed42_40e\evaluation_test\test_batch_0013\forecast_maps.npz,runs\phase25_target_wet_recall_seed42_40e\evaluation_test\test_batch_0013\summary.json,13,1,test,location3,r100y_p0.5_d3h,6,12,12,mass_preserving,location3|r100y_p0.5_d3h|6,reliable,0.3598511595726864,reliable,,,prediction,target,0.05,10216.00928450518,10542.208462633193,326.19917812801214,0.031930195934998296,23994,25498,1504,0.0
seed42|batch14|sample0|location3|r100y_p0.5_d3h|12,seed42,phase25_target_wet_recall_seed42_40e,runs\phase25_target_wet_recall_seed42_40e,runs\phase25_target_wet_recall_seed42_40e\evaluation_test\test_batch_0014\forecast_maps.npz,runs\phase25_target_wet_recall_seed42_40e\evaluation_test\test_batch_0014\summary.json,14,0,test,location3,r100y_p0.5_d3h,12,12,12,mass_preserving,location3|r100y_p0.5_d3h|12,reliable,0.1853456338246663,reliable,,,prediction,target,0.05,8900.689890892612,10206.392016090453,1305.7021251978404,0.14669673263573246,21087,25296,4209,0.0
seed42|batch14|sample1|location3|r200y_p0.5_d3h|0,seed42,phase25_target_wet_recall_seed42_40e,runs\phase25_target_wet_recall_seed42_40e,runs\phase25_target_wet_recall_seed42_40e\evaluation_test\test_batch_0014\forecast_maps.npz,runs\phase25_target_wet_recall_seed42_40e\evaluation_test\test_batch_0014\summary.json,14,1,test,location3,r200y_p0.5_d3h,0,12,12,mass_preserving,location3|r200y_p0.5_d3h|0,reliable,1.685488583330692,reliable,,,prediction,target,0.05,12177.025512791291,11694.679358027875,-482.34615476341605,-0.03961116401183016,30397,29483,-914,0.030068756785209066
seed42|batch15|sample0|location3|r200y_p0.5_d3h|6,seed42,phase25_target_wet_recall_seed42_40e,runs\phase25_target_wet_recall_seed42_40e,runs\phase25_target_wet_recall_seed42_40e\evaluation_test\test_batch_0015\forecast_maps.npz,runs\phase25_target_wet_recall_seed42_40e\evaluation_test\test_batch_0015\summary.json,15,0,test,location3,r200y_p0.5_d3h,6,12,12,mass_preserving,location3|r200y_p0.5_d3h|6,reliable,0.6089373826785298,reliable,,,prediction,target,0.05,11065.563376371478,10901.829919211566,-163.73345715991127,-0.014796667064375109,25306,26006,700,0.0
seed42|batch15|sample1|location3|r200y_p0.5_d3h|12,seed42,phase25_target_wet_recall_seed42_40e,runs\phase25_target_wet_recall_seed42_40e,runs\phase25_target_wet_recall_seed42_40e\evaluation_test\test_batch_0015\forecast_maps.npz,runs\phase25_target_wet_recall_seed42_40e\evaluation_test\test_batch_0015\summary.json,15,1,test,location3,r200y_p0.5_d3h,12,12,12,mass_preserving,location3|r200y_p0.5_d3h|12,reliable,0.1860422134399414,reliable,,,prediction,target,0.05,9561.01620316163,10620.153907954693,1059.1377047930637,0.11077668757038911,22244,25627,3383,0.0
seed42|batch16|sample0|location3|r300y_p0.6_d3h|0,seed42,phase25_target_wet_recall_seed42_40e,runs\phase25_target_wet_recall_seed42_40e,runs\phase25_target_wet_recall_seed42_40e\evaluation_test\test_batch_0016\forecast_maps.npz,runs\phase25_target_wet_recall_seed42_40e\evaluation_test\test_batch_0016\summary.json,16,0,test,location3,r300y_p0.6_d3h,0,12,12,mass_preserving,location3|r300y_p0.6_d3h|0,caution,2.8133862049355667,caution,,,prediction,target,0.05,12961.912116011124,11986.895574621856,-975.0165413892682,-0.07522165963344905,32592,30852,-1740,0.053387334315169364
seed42|batch16|sample1|location3|r300y_p0.6_d3h|6,seed42,phase25_target_wet_recall_seed42_40e,runs\phase25_target_wet_recall_seed42_40e,runs\phase25_target_wet_recall_seed42_40e\evaluation_test\test_batch_0016\forecast_maps.npz,runs\phase25_target_wet_recall_seed42_40e\evaluation_test\test_batch_0016\summary.json,16,1,test,location3,r300y_p0.6_d3h,6,12,12,mass_preserving,location3|r300y_p0.6_d3h|6,reliable,1.2661212833882334,reliable,,,prediction,target,0.05,11733.236349137313,11691.094439029694,-42.14191010761897,-0.003591669753649636,26235,27270,1035,0.0
seed42|batch17|sample0|location3|r300y_p0.6_d3h|12,seed42,phase25_target_wet_recall_seed42_40e,runs\phase25_target_wet_recall_seed42_40e,runs\phase25_target_wet_recall_seed42_40e\evaluation_test\test_batch_0017\forecast_maps.npz,runs\phase25_target_wet_recall_seed42_40e\evaluation_test\test_batch_0017\summary.json,17,0,test,location3,r300y_p0.6_d3h,12,12,12,mass_preserving,location3|r300y_p0.6_d3h|12,reliable,0.7476504376544629,reliable,,,prediction,target,0.05,10076.452621732433,10449.696462206542,373.2438404741097,0.037041194404974866,22927,24692,1765,0.0
seed42|batch17|sample1|location3|r300y_p0.8_d3h|0,seed42,phase25_target_wet_recall_seed42_40e,runs\phase25_target_wet_recall_seed42_40e,runs\phase25_target_wet_recall_seed42_40e\evaluation_test\test_batch_0017\forecast_maps.npz,runs\phase25_target_wet_recall_seed42_40e\evaluation_test\test_batch_0017\summary.json,17,1,test,location3,r300y_p0.8_d3h,0,12,12,mass_preserving,location3|r300y_p0.8_d3h|0,caution,2.904894119132844,caution,,,prediction,target,0.05,12145.106137229113,11497.664487503469,-647.4416497256443,-0.053308850693449525,32760,31319,-1441,0.04398656898656899
seed42|batch18|sample0|location3|r300y_p0.8_d3h|6,seed42,phase25_target_wet_recall_seed42_40e,runs\phase25_target_wet_recall_seed42_40e,runs\phase25_target_wet_recall_seed42_40e\evaluation_test\test_batch_0018\forecast_maps.npz,runs\phase25_target_wet_recall_seed42_40e\evaluation_test\test_batch_0018\summary.json,18,0,test,location3,r300y_p0.8_d3h,6,12,12,mass_preserving,location3|r300y_p0.8_d3h|6,reliable,1.6879928413092813,reliable,,,prediction,target,0.05,12081.724070549973,11967.95188049972,-113.7721900502529,-0.009416883665434835,27044,29615,2571,0.0
seed42|batch18|sample1|location3|r300y_p0.8_d3h|12,seed42,phase25_target_wet_recall_seed42_40e,runs\phase25_target_wet_recall_seed42_40e,runs\phase25_target_wet_recall_seed42_40e\evaluation_test\test_batch_0018\forecast_maps.npz,runs\phase25_target_wet_recall_seed42_40e\evaluation_test\test_batch_0018\summary.json,18,1,test,location3,r300y_p0.8_d3h,12,12,12,mass_preserving,location3|r300y_p0.8_d3h|12,reliable,0.7865036964416503,reliable,,,prediction,target,0.05,10316.976616710343,11137.653439931571,820.6768232212289,0.07954625213475659,23257,26095,2838,0.0
