phase24_case_key,seed,run_name,run_root,maps_path,summary_path,batch_index,sample_index,split,location,event,start_idx,input_steps,pred_steps,alignment_mode,scenario_key,warning_level,risk_score,risk_category,phase23_case_role,phase23_selection_basis,prediction_key,target_key,wet_threshold,target_wet_area,predicted_wet_area,target_wet_component_count,predicted_wet_component_count,target_largest_wet_component_area_ratio,predicted_largest_wet_component_area_ratio,wet_component_count_change,largest_component_ratio_change,fragmentation_indicator,connectivity_loss_indicator,false_dry_rate
seed123|batch0|sample0|location1|r100y_p0.5_d3h|0,seed123,phase10_margin_aware_boundary_band_seed123_40e,runs\phase10_margin_aware_boundary_band_seed123_40e,runs\phase10_margin_aware_boundary_band_seed123_40e\evaluation_test\test_batch_0000\forecast_maps.npz,runs\phase10_margin_aware_boundary_band_seed123_40e\evaluation_test\test_batch_0000\summary.json,0,0,test,location1,r100y_p0.5_d3h,0,12,12,mass_preserving,location1|r100y_p0.5_d3h|0,reliable,0.5628811465208514,reliable,,,prediction,target,0.05,37051,35362,91,97,0.47122207621550594,0.44912872400224846,6,-0.022093352213257478,1,0,0.13457126663247956
seed123|batch0|sample1|location1|r100y_p0.5_d3h|6,seed123,phase10_margin_aware_boundary_band_seed123_40e,runs\phase10_margin_aware_boundary_band_seed123_40e,runs\phase10_margin_aware_boundary_band_seed123_40e\evaluation_test\test_batch_0000\forecast_maps.npz,runs\phase10_margin_aware_boundary_band_seed123_40e\evaluation_test\test_batch_0000\summary.json,0,1,test,location1,r100y_p0.5_d3h,6,12,12,mass_preserving,location1|r100y_p0.5_d3h|6,reliable,0.10639864603678383,reliable,reliable,"Selected as the lowest-risk reliable-labeled case using risk score, false-dry, boundary, RMSE, and stable identity tie-breaks.",prediction,target,0.05,31376,31901,106,85,0.37253057384760113,0.400272758267985,-21,0.027742184420383842,0,0,0.07422870984191739
seed123|batch1|sample0|location1|r100y_p0.5_d3h|12,seed123,phase10_margin_aware_boundary_band_seed123_40e,runs\phase10_margin_aware_boundary_band_seed123_40e,runs\phase10_margin_aware_boundary_band_seed123_40e\evaluation_test\test_batch_0001\forecast_maps.npz,runs\phase10_margin_aware_boundary_band_seed123_40e\evaluation_test\test_batch_0001\summary.json,1,0,test,location1,r100y_p0.5_d3h,12,12,12,mass_preserving,location1|r100y_p0.5_d3h|12,reliable,0.20431111653645834,reliable,,,prediction,target,0.05,25826,29509,108,99,0.3924941360437842,0.39603258944385406,-9,0.003538453400069863,0,0,0.042282970649732826
seed123|batch1|sample1|location1|r200y_p0.5_d3h|0,seed123,phase10_margin_aware_boundary_band_seed123_40e,runs\phase10_margin_aware_boundary_band_seed123_40e,runs\phase10_margin_aware_boundary_band_seed123_40e\evaluation_test\test_batch_0001\forecast_maps.npz,runs\phase10_margin_aware_boundary_band_seed123_40e\evaluation_test\test_batch_0001\summary.json,1,1,test,location1,r200y_p0.5_d3h,0,12,12,mass_preserving,location1|r200y_p0.5_d3h|0,reliable,0.8703751447502213,reliable,,,prediction,target,0.05,38486,34826,103,93,0.4812169312169312,0.4599767981438515,-10,-0.021240133073079703,0,0,0.14932702801018552
seed123|batch2|sample0|location1|r200y_p0.5_d3h|6,seed123,phase10_margin_aware_boundary_band_seed123_40e,runs\phase10_margin_aware_boundary_band_seed123_40e,runs\phase10_margin_aware_boundary_band_seed123_40e\evaluation_test\test_batch_0002\forecast_maps.npz,runs\phase10_margin_aware_boundary_band_seed123_40e\evaluation_test\test_batch_0002\summary.json,2,0,test,location1,r200y_p0.5_d3h,6,12,12,mass_preserving,location1|r200y_p0.5_d3h|6,reliable,0.17221854177334223,reliable,,,prediction,target,0.05,32621,32162,101,82,0.37488626023657873,0.3966499162479062,-19,0.02176365601132746,0,0,0.08868520278348303
seed123|batch2|sample1|location1|r200y_p0.5_d3h|12,seed123,phase10_margin_aware_boundary_band_seed123_40e,runs\phase10_margin_aware_boundary_band_seed123_40e,runs\phase10_margin_aware_boundary_band_seed123_40e\evaluation_test\test_batch_0002\forecast_maps.npz,runs\phase10_margin_aware_boundary_band_seed123_40e\evaluation_test\test_batch_0002\summary.json,2,1,test,location1,r200y_p0.5_d3h,12,12,12,mass_preserving,location1|r200y_p0.5_d3h|12,reliable,0.19036871592203775,reliable,,,prediction,target,0.05,26951,29751,106,96,0.3941908713692946,0.3966913058782119,-10,0.002500434508917293,0,0,0.05068457571147638
seed123|batch3|sample0|location1|r300y_p0.6_d3h|0,seed123,phase10_margin_aware_boundary_band_seed123_40e,runs\phase10_margin_aware_boundary_band_seed123_40e,runs\phase10_margin_aware_boundary_band_seed123_40e\evaluation_test\test_batch_0003\forecast_maps.npz,runs\phase10_margin_aware_boundary_band_seed123_40e\evaluation_test\test_batch_0003\summary.json,3,0,test,location1,r300y_p0.6_d3h,0,12,12,mass_preserving,location1|r300y_p0.6_d3h|0,reliable,2.0874659744909683,reliable,,,prediction,target,0.05,40861,35190,86,135,0.5284591569421291,0.44036697247706424,49,-0.08809218446506484,1,1,0.19779251609113824
seed123|batch3|sample1|location1|r300y_p0.6_d3h|6,seed123,phase10_margin_aware_boundary_band_seed123_40e,runs\phase10_margin_aware_boundary_band_seed123_40e,runs\phase10_margin_aware_boundary_band_seed123_40e\evaluation_test\test_batch_0003\forecast_maps.npz,runs\phase10_margin_aware_boundary_band_seed123_40e\evaluation_test\test_batch_0003\summary.json,3,1,test,location1,r300y_p0.6_d3h,6,12,12,mass_preserving,location1|r300y_p0.6_d3h|6,reliable,0.9651871969651323,reliable,,,prediction,target,0.05,34305,32025,106,82,0.3694412770809578,0.40206528980679546,-24,0.03262401272583765,0,0,0.1175047369188165
seed123|batch4|sample0|location1|r300y_p0.6_d3h|12,seed123,phase10_margin_aware_boundary_band_seed123_40e,runs\phase10_margin_aware_boundary_band_seed123_40e,runs\phase10_margin_aware_boundary_band_seed123_40e\evaluation_test\test_batch_0004\forecast_maps.npz,runs\phase10_margin_aware_boundary_band_seed123_40e\evaluation_test\test_batch_0004\summary.json,4,0,test,location1,r300y_p0.6_d3h,12,12,12,mass_preserving,location1|r300y_p0.6_d3h|12,reliable,0.621095085144043,reliable,,,prediction,target,0.05,28314,30237,110,90,0.3927927927927928,0.3756183745583039,-20,-0.017174418234488897,0,0,0.06304301758847214
seed123|batch4|sample1|location1|r300y_p0.8_d3h|0,seed123,phase10_margin_aware_boundary_band_seed123_40e,runs\phase10_margin_aware_boundary_band_seed123_40e,runs\phase10_margin_aware_boundary_band_seed123_40e\evaluation_test\test_batch_0004\forecast_maps.npz,runs\phase10_margin_aware_boundary_band_seed123_40e\evaluation_test\test_batch_0004\summary.json,4,1,test,location1,r300y_p0.8_d3h,0,12,12,mass_preserving,location1|r300y_p0.8_d3h|0,reliable,1.9011268845389218,reliable,,,prediction,target,0.05,38919,34438,81,89,0.526291723822588,0.4556006964596634,8,-0.07069102736292465,1,1,0.2004162491328143
seed123|batch5|sample0|location1|r300y_p0.8_d3h|6,seed123,phase10_margin_aware_boundary_band_seed123_40e,runs\phase10_margin_aware_boundary_band_seed123_40e,runs\phase10_margin_aware_boundary_band_seed123_40e\evaluation_test\test_batch_0005\forecast_maps.npz,runs\phase10_margin_aware_boundary_band_seed123_40e\evaluation_test\test_batch_0005\summary.json,5,0,test,location1,r300y_p0.8_d3h,6,12,12,mass_preserving,location1|r300y_p0.8_d3h|6,reliable,1.524861540874766,reliable,,,prediction,target,0.05,36028,33394,100,126,0.4877146631439894,0.4550149497145964,26,-0.03269971342939304,1,0,0.14966137448651048
seed123|batch5|sample1|location1|r300y_p0.8_d3h|12,seed123,phase10_margin_aware_boundary_band_seed123_40e,runs\phase10_margin_aware_boundary_band_seed123_40e,runs\phase10_margin_aware_boundary_band_seed123_40e\evaluation_test\test_batch_0005\forecast_maps.npz,runs\phase10_margin_aware_boundary_band_seed123_40e\evaluation_test\test_batch_0005\summary.json,5,1,test,location1,r300y_p0.8_d3h,12,12,12,mass_preserving,location1|r300y_p0.8_d3h|12,reliable,0.6536856333414713,reliable,,,prediction,target,0.05,29530,31262,111,81,0.40353307932109456,0.39669989687177726,-30,-0.006833182449317299,0,0,0.06955638333897732
seed123|batch6|sample0|location2|r100y_p0.5_d3h|0,seed123,phase10_margin_aware_boundary_band_seed123_40e,runs\phase10_margin_aware_boundary_band_seed123_40e,runs\phase10_margin_aware_boundary_band_seed123_40e\evaluation_test\test_batch_0006\forecast_maps.npz,runs\phase10_margin_aware_boundary_band_seed123_40e\evaluation_test\test_batch_0006\summary.json,6,0,test,location2,r100y_p0.5_d3h,0,12,12,mass_preserving,location2|r100y_p0.5_d3h|0,caution,4.875056307873177,caution,,,prediction,target,0.05,14246,9114,105,60,0.6169977924944813,0.2548262548262548,-45,-0.36217153766822646,0,1,0.4245402218166503
seed123|batch6|sample1|location2|r100y_p0.5_d3h|6,seed123,phase10_margin_aware_boundary_band_seed123_40e,runs\phase10_margin_aware_boundary_band_seed123_40e,runs\phase10_margin_aware_boundary_band_seed123_40e\evaluation_test\test_batch_0006\forecast_maps.npz,runs\phase10_margin_aware_boundary_band_seed123_40e\evaluation_test\test_batch_0006\summary.json,6,1,test,location2,r100y_p0.5_d3h,6,12,12,mass_preserving,location2|r100y_p0.5_d3h|6,reliable,2.1906860995516206,reliable,,,prediction,target,0.05,9461,7826,93,50,0.30297723292469353,0.24841571609632446,-43,-0.05456151682836907,0,1,0.2789345735123137
seed123|batch7|sample0|location2|r100y_p0.5_d3h|12,seed123,phase10_margin_aware_boundary_band_seed123_40e,runs\phase10_margin_aware_boundary_band_seed123_40e,runs\phase10_margin_aware_boundary_band_seed123_40e\evaluation_test\test_batch_0007\forecast_maps.npz,runs\phase10_margin_aware_boundary_band_seed123_40e\evaluation_test\test_batch_0007\summary.json,7,0,test,location2,r100y_p0.5_d3h,12,12,12,mass_preserving,location2|r100y_p0.5_d3h|12,reliable,1.505871785693065,reliable,,,prediction,target,0.05,6639,6367,83,51,0.2125340599455041,0.1861152141802068,-32,-0.026418845765297294,0,0,0.2637445398403374
seed123|batch7|sample1|location2|r200y_p0.5_d3h|0,seed123,phase10_margin_aware_boundary_band_seed123_40e,runs\phase10_margin_aware_boundary_band_seed123_40e,runs\phase10_margin_aware_boundary_band_seed123_40e\evaluation_test\test_batch_0007\forecast_maps.npz,runs\phase10_margin_aware_boundary_band_seed123_40e\evaluation_test\test_batch_0007\summary.json,7,1,test,location2,r200y_p0.5_d3h,0,12,12,mass_preserving,location2|r200y_p0.5_d3h|0,high-risk,5.706091864202834,high-risk,,,prediction,target,0.05,15283,8459,112,62,0.6070120355834642,0.262448132780083,-50,-0.3445639028033812,0,1,0.47732774978734543
seed123|batch8|sample0|location2|r200y_p0.5_d3h|6,seed123,phase10_margin_aware_boundary_band_seed123_40e,runs\phase10_margin_aware_boundary_band_seed123_40e,runs\phase10_margin_aware_boundary_band_seed123_40e\evaluation_test\test_batch_0008\forecast_maps.npz,runs\phase10_margin_aware_boundary_band_seed123_40e\evaluation_test\test_batch_0008\summary.json,8,0,test,location2,r200y_p0.5_d3h,6,12,12,mass_preserving,location2|r200y_p0.5_d3h|6,caution,2.6090016171739077,caution,,,prediction,target,0.05,10394,8093,100,53,0.2891072891072891,0.2460220318237454,-47,-0.043085257283543704,0,0,0.29026361362324415
seed123|batch8|sample1|location2|r200y_p0.5_d3h|12,seed123,phase10_margin_aware_boundary_band_seed123_40e,runs\phase10_margin_aware_boundary_band_seed123_40e,runs\phase10_margin_aware_boundary_band_seed123_40e\evaluation_test\test_batch_0008\forecast_maps.npz,runs\phase10_margin_aware_boundary_band_seed123_40e\evaluation_test\test_batch_0008\summary.json,8,1,test,location2,r200y_p0.5_d3h,12,12,12,mass_preserving,location2|r200y_p0.5_d3h|12,reliable,1.5345347097721476,reliable,,,prediction,target,0.05,7509,6760,84,56,0.24783147459727387,0.1786703601108033,-28,-0.06916111448647055,0,1,0.26341723265414835
seed123|batch9|sample0|location2|r300y_p0.6_d3h|0,seed123,phase10_margin_aware_boundary_band_seed123_40e,runs\phase10_margin_aware_boundary_band_seed123_40e,runs\phase10_margin_aware_boundary_band_seed123_40e\evaluation_test\test_batch_0009\forecast_maps.npz,runs\phase10_margin_aware_boundary_band_seed123_40e\evaluation_test\test_batch_0009\summary.json,9,0,test,location2,r300y_p0.6_d3h,0,12,12,mass_preserving,location2|r300y_p0.6_d3h|0,high-risk,8.063778048536216,high-risk,,,prediction,target,0.05,17372,9683,106,67,0.6957713390759592,0.30183727034120733,-39,-0.3939340687347519,0,1,0.484285056412618
seed123|batch9|sample1|location2|r300y_p0.6_d3h|6,seed123,phase10_margin_aware_boundary_band_seed123_40e,runs\phase10_margin_aware_boundary_band_seed123_40e,runs\phase10_margin_aware_boundary_band_seed123_40e\evaluation_test\test_batch_0009\forecast_maps.npz,runs\phase10_margin_aware_boundary_band_seed123_40e\evaluation_test\test_batch_0009\summary.json,9,1,test,location2,r300y_p0.6_d3h,6,12,12,mass_preserving,location2|r300y_p0.6_d3h|6,caution,3.8519024533100814,caution,caution,Selected as a representative caution-labeled case closest to the caution risk midpoint with stable tie-breaks.,prediction,target,0.05,11187,10966,98,78,0.2742772424017791,0.270473328324568,-20,-0.00380391407721109,0,0,0.2462679896308215
seed123|batch10|sample0|location2|r300y_p0.6_d3h|12,seed123,phase10_margin_aware_boundary_band_seed123_40e,runs\phase10_margin_aware_boundary_band_seed123_40e,runs\phase10_margin_aware_boundary_band_seed123_40e\evaluation_test\test_batch_0010\forecast_maps.npz,runs\phase10_margin_aware_boundary_band_seed123_40e\evaluation_test\test_batch_0010\summary.json,10,0,test,location2,r300y_p0.6_d3h,12,12,12,mass_preserving,location2|r300y_p0.6_d3h|12,caution,3.233023843186218,caution,,,prediction,target,0.05,8238,8452,84,53,0.2576832151300236,0.27395715896279593,-31,0.01627394383277231,0,0,0.21534352998300557
seed123|batch10|sample1|location2|r300y_p0.6_d3h|18,seed123,phase10_margin_aware_boundary_band_seed123_40e,runs\phase10_margin_aware_boundary_band_seed123_40e,runs\phase10_margin_aware_boundary_band_seed123_40e\evaluation_test\test_batch_0010\forecast_maps.npz,runs\phase10_margin_aware_boundary_band_seed123_40e\evaluation_test\test_batch_0010\summary.json,10,1,test,location2,r300y_p0.6_d3h,18,12,12,mass_preserving,location2|r300y_p0.6_d3h|18,caution,3.393198537664933,caution,,,prediction,target,0.05,6493,5910,87,44,0.2564491654021244,0.29421487603305785,-43,0.037765710630933425,0,0,0.23810257200061605
seed123|batch11|sample0|location2|r300y_p0.6_d3h|24,seed123,phase10_margin_aware_boundary_band_seed123_40e,runs\phase10_margin_aware_boundary_band_seed123_40e,runs\phase10_margin_aware_boundary_band_seed123_40e\evaluation_test\test_batch_0011\forecast_maps.npz,runs\phase10_margin_aware_boundary_band_seed123_40e\evaluation_test\test_batch_0011\summary.json,11,0,test,location2,r300y_p0.6_d3h,24,12,12,mass_preserving,location2|r300y_p0.6_d3h|24,caution,3.3117061219129367,caution,,,prediction,target,0.05,5687,5092,87,45,0.224609375,0.2209737827715356,-42,-0.003635592228464407,0,0,0.2343942324599965
seed123|batch11|sample1|location2|r300y_p0.8_d3h|0,seed123,phase10_margin_aware_boundary_band_seed123_40e,runs\phase10_margin_aware_boundary_band_seed123_40e,runs\phase10_margin_aware_boundary_band_seed123_40e\evaluation_test\test_batch_0011\forecast_maps.npz,runs\phase10_margin_aware_boundary_band_seed123_40e\evaluation_test\test_batch_0011\summary.json,11,1,test,location2,r300y_p0.8_d3h,0,12,12,mass_preserving,location2|r300y_p0.8_d3h|0,high-risk,8.73513925840442,high-risk,high-risk,"Selected as a high-risk case, prioritizing Phase-13-like location2+r300y evidence and then stronger risk evidence.",prediction,target,0.05,17942,8098,105,51,0.7092731829573935,0.25914315569487983,-54,-0.45013002726251367,0,1,0.5846616876602385
seed123|batch12|sample0|location2|r300y_p0.8_d3h|6,seed123,phase10_margin_aware_boundary_band_seed123_40e,runs\phase10_margin_aware_boundary_band_seed123_40e,runs\phase10_margin_aware_boundary_band_seed123_40e\evaluation_test\test_batch_0012\forecast_maps.npz,runs\phase10_margin_aware_boundary_band_seed123_40e\evaluation_test\test_batch_0012\summary.json,12,0,test,location2,r300y_p0.8_d3h,6,12,12,mass_preserving,location2|r300y_p0.8_d3h|6,high-risk,6.4048322225375305,high-risk,,,prediction,target,0.05,11825,7912,89,80,0.35768261964735515,0.23342175066312998,-9,-0.12426086898422517,0,1,0.4082875264270613
seed123|batch12|sample1|location2|r300y_p0.8_d3h|12,seed123,phase10_margin_aware_boundary_band_seed123_40e,runs\phase10_margin_aware_boundary_band_seed123_40e,runs\phase10_margin_aware_boundary_band_seed123_40e\evaluation_test\test_batch_0012\forecast_maps.npz,runs\phase10_margin_aware_boundary_band_seed123_40e\evaluation_test\test_batch_0012\summary.json,12,1,test,location2,r300y_p0.8_d3h,12,12,12,mass_preserving,location2|r300y_p0.8_d3h|12,caution,3.48738920559396,caution,,,prediction,target,0.05,8448,7385,85,54,0.25257142857142856,0.28266331658291455,-31,0.03009188801148599,0,0,0.2520123106060606
seed123|batch13|sample0|location3|r100y_p0.5_d3h|0,seed123,phase10_margin_aware_boundary_band_seed123_40e,runs\phase10_margin_aware_boundary_band_seed123_40e,runs\phase10_margin_aware_boundary_band_seed123_40e\evaluation_test\test_batch_0013\forecast_maps.npz,runs\phase10_margin_aware_boundary_band_seed123_40e\evaluation_test\test_batch_0013\summary.json,13,0,test,location3,r100y_p0.5_d3h,0,12,12,mass_preserving,location3|r100y_p0.5_d3h|0,reliable,1.1353644409186099,reliable,,,prediction,target,0.05,28739,27676,172,181,0.36822742474916387,0.34008635004981735,9,-0.028141074699346513,1,0,0.18233063085006437
seed123|batch13|sample1|location3|r100y_p0.5_d3h|6,seed123,phase10_margin_aware_boundary_band_seed123_40e,runs\phase10_margin_aware_boundary_band_seed123_40e,runs\phase10_margin_aware_boundary_band_seed123_40e\evaluation_test\test_batch_0013\forecast_maps.npz,runs\phase10_margin_aware_boundary_band_seed123_40e\evaluation_test\test_batch_0013\summary.json,13,1,test,location3,r100y_p0.5_d3h,6,12,12,mass_preserving,location3|r100y_p0.5_d3h|6,reliable,0.23370692071096733,reliable,,,prediction,target,0.05,23994,24322,167,104,0.362962962962963,0.40704845814977975,-63,0.04408549518681676,0,0,0.109152288072018
seed123|batch14|sample0|location3|r100y_p0.5_d3h|12,seed123,phase10_margin_aware_boundary_band_seed123_40e,runs\phase10_margin_aware_boundary_band_seed123_40e,runs\phase10_margin_aware_boundary_band_seed123_40e\evaluation_test\test_batch_0014\forecast_maps.npz,runs\phase10_margin_aware_boundary_band_seed123_40e\evaluation_test\test_batch_0014\summary.json,14,0,test,location3,r100y_p0.5_d3h,12,12,12,mass_preserving,location3|r100y_p0.5_d3h|12,reliable,0.191398286819458,reliable,,,prediction,target,0.05,21087,23432,147,114,0.4265770423991727,0.394806338028169,-33,-0.03177070437100371,0,0,0.08076065822544695
seed123|batch14|sample1|location3|r200y_p0.5_d3h|0,seed123,phase10_margin_aware_boundary_band_seed123_40e,runs\phase10_margin_aware_boundary_band_seed123_40e,runs\phase10_margin_aware_boundary_band_seed123_40e\evaluation_test\test_batch_0014\forecast_maps.npz,runs\phase10_margin_aware_boundary_band_seed123_40e\evaluation_test\test_batch_0014\summary.json,14,1,test,location3,r200y_p0.5_d3h,0,12,12,mass_preserving,location3|r200y_p0.5_d3h|0,reliable,1.4346567777441823,reliable,,,prediction,target,0.05,30397,26951,168,163,0.3658845909955612,0.35724282715185446,-5,-0.00864176384370674,0,0,0.2092311741290259
seed123|batch15|sample0|location3|r200y_p0.5_d3h|6,seed123,phase10_margin_aware_boundary_band_seed123_40e,runs\phase10_margin_aware_boundary_band_seed123_40e,runs\phase10_margin_aware_boundary_band_seed123_40e\evaluation_test\test_batch_0015\forecast_maps.npz,runs\phase10_margin_aware_boundary_band_seed123_40e\evaluation_test\test_batch_0015\summary.json,15,0,test,location3,r200y_p0.5_d3h,6,12,12,mass_preserving,location3|r200y_p0.5_d3h|6,reliable,0.368498985219633,reliable,,,prediction,target,0.05,25306,24520,168,110,0.35501355013550134,0.40261437908496733,-58,0.04760082894946599,0,0,0.11831186279933613
seed123|batch15|sample1|location3|r200y_p0.5_d3h|12,seed123,phase10_margin_aware_boundary_band_seed123_40e,runs\phase10_margin_aware_boundary_band_seed123_40e,runs\phase10_margin_aware_boundary_band_seed123_40e\evaluation_test\test_batch_0015\forecast_maps.npz,runs\phase10_margin_aware_boundary_band_seed123_40e\evaluation_test\test_batch_0015\summary.json,15,1,test,location3,r200y_p0.5_d3h,12,12,12,mass_preserving,location3|r200y_p0.5_d3h|12,reliable,0.19468886057535806,reliable,,,prediction,target,0.05,22244,23629,153,121,0.4275184275184275,0.39002169197396963,-32,-0.03749673554445787,0,0,0.0838428340226578
seed123|batch16|sample0|location3|r300y_p0.6_d3h|0,seed123,phase10_margin_aware_boundary_band_seed123_40e,runs\phase10_margin_aware_boundary_band_seed123_40e,runs\phase10_margin_aware_boundary_band_seed123_40e\evaluation_test\test_batch_0016\forecast_maps.npz,runs\phase10_margin_aware_boundary_band_seed123_40e\evaluation_test\test_batch_0016\summary.json,16,0,test,location3,r300y_p0.6_d3h,0,12,12,mass_preserving,location3|r300y_p0.6_d3h|0,caution,2.5714470294240046,caution,,,prediction,target,0.05,32592,27313,175,225,0.4736133548734518,0.3241544447770129,50,-0.1494589100964389,1,1,0.25696489936180655
seed123|batch16|sample1|location3|r300y_p0.6_d3h|6,seed123,phase10_margin_aware_boundary_band_seed123_40e,runs\phase10_margin_aware_boundary_band_seed123_40e,runs\phase10_margin_aware_boundary_band_seed123_40e\evaluation_test\test_batch_0016\forecast_maps.npz,runs\phase10_margin_aware_boundary_band_seed123_40e\evaluation_test\test_batch_0016\summary.json,16,1,test,location3,r300y_p0.6_d3h,6,12,12,mass_preserving,location3|r300y_p0.6_d3h|6,reliable,1.0564304543847196,reliable,,,prediction,target,0.05,26235,24700,172,104,0.365764447695684,0.40448469167744716,-68,0.03872024398176316,0,0,0.12948351438917477
seed123|batch17|sample0|location3|r300y_p0.6_d3h|12,seed123,phase10_margin_aware_boundary_band_seed123_40e,runs\phase10_margin_aware_boundary_band_seed123_40e,runs\phase10_margin_aware_boundary_band_seed123_40e\evaluation_test\test_batch_0017\forecast_maps.npz,runs\phase10_margin_aware_boundary_band_seed123_40e\evaluation_test\test_batch_0017\summary.json,17,0,test,location3,r300y_p0.6_d3h,12,12,12,mass_preserving,location3|r300y_p0.6_d3h|12,reliable,0.6462223370869955,reliable,,,prediction,target,0.05,22927,23446,154,111,0.4287769784172662,0.40511440107671604,-43,-0.02366257734055016,0,0,0.0914205958040738
seed123|batch17|sample1|location3|r300y_p0.8_d3h|0,seed123,phase10_margin_aware_boundary_band_seed123_40e,runs\phase10_margin_aware_boundary_band_seed123_40e,runs\phase10_margin_aware_boundary_band_seed123_40e\evaluation_test\test_batch_0017\forecast_maps.npz,runs\phase10_margin_aware_boundary_band_seed123_40e\evaluation_test\test_batch_0017\summary.json,17,1,test,location3,r300y_p0.8_d3h,0,12,12,mass_preserving,location3|r300y_p0.8_d3h|0,caution,2.5654196492034465,caution,,,prediction,target,0.05,32760,26574,184,158,0.4601164851861231,0.3541666666666667,-26,-0.1059498185194564,0,1,0.2774114774114774
seed123|batch18|sample0|location3|r300y_p0.8_d3h|6,seed123,phase10_margin_aware_boundary_band_seed123_40e,runs\phase10_margin_aware_boundary_band_seed123_40e,runs\phase10_margin_aware_boundary_band_seed123_40e\evaluation_test\test_batch_0018\forecast_maps.npz,runs\phase10_margin_aware_boundary_band_seed123_40e\evaluation_test\test_batch_0018\summary.json,18,0,test,location3,r300y_p0.8_d3h,6,12,12,mass_preserving,location3|r300y_p0.8_d3h|6,reliable,1.5198120550530954,reliable,,,prediction,target,0.05,27044,25634,176,175,0.3460360666893501,0.3445604580666891,-1,-0.0014756086226609955,0,0,0.15493270226297884
seed123|batch18|sample1|location3|r300y_p0.8_d3h|12,seed123,phase10_margin_aware_boundary_band_seed123_40e,runs\phase10_margin_aware_boundary_band_seed123_40e,runs\phase10_margin_aware_boundary_band_seed123_40e\evaluation_test\test_batch_0018\forecast_maps.npz,runs\phase10_margin_aware_boundary_band_seed123_40e\evaluation_test\test_batch_0018\summary.json,18,1,test,location3,r300y_p0.8_d3h,12,12,12,mass_preserving,location3|r300y_p0.8_d3h|12,reliable,0.7537481625874838,reliable,,,prediction,target,0.05,23257,24244,153,101,0.42521166509877706,0.411297440423654,-52,-0.013914224675123044,0,0,0.08363073483252353
seed202|batch0|sample0|location1|r100y_p0.5_d3h|0,seed202,phase10_margin_aware_boundary_band_seed202_40e,runs\phase10_margin_aware_boundary_band_seed202_40e,runs\phase10_margin_aware_boundary_band_seed202_40e\evaluation_test\test_batch_0000\forecast_maps.npz,runs\phase10_margin_aware_boundary_band_seed202_40e\evaluation_test\test_batch_0000\summary.json,0,0,test,location1,r100y_p0.5_d3h,0,12,12,mass_preserving,location1|r100y_p0.5_d3h|0,reliable,0.19642134443285145,reliable,,,prediction,target,0.05,37051,36600,91,104,0.47122207621550594,0.34994669509594883,13,-0.1212753811195571,1,1,0.09095570969744407
seed202|batch0|sample1|location1|r100y_p0.5_d3h|6,seed202,phase10_margin_aware_boundary_band_seed202_40e,runs\phase10_margin_aware_boundary_band_seed202_40e,runs\phase10_margin_aware_boundary_band_seed202_40e\evaluation_test\test_batch_0000\forecast_maps.npz,runs\phase10_margin_aware_boundary_band_seed202_40e\evaluation_test\test_batch_0000\summary.json,0,1,test,location1,r100y_p0.5_d3h,6,12,12,mass_preserving,location1|r100y_p0.5_d3h|6,reliable,0.1870829239381681,reliable,reliable,"Selected as the lowest-risk reliable-labeled case using risk score, false-dry, boundary, RMSE, and stable identity tie-breaks.",prediction,target,0.05,31376,30814,106,100,0.37253057384760113,0.380249343832021,-6,0.007718769984419893,0,0,0.08050739418663946
seed202|batch1|sample0|location1|r100y_p0.5_d3h|12,seed202,phase10_margin_aware_boundary_band_seed202_40e,runs\phase10_margin_aware_boundary_band_seed202_40e,runs\phase10_margin_aware_boundary_band_seed202_40e\evaluation_test\test_batch_0001\forecast_maps.npz,runs\phase10_margin_aware_boundary_band_seed202_40e\evaluation_test\test_batch_0001\summary.json,1,0,test,location1,r100y_p0.5_d3h,12,12,12,mass_preserving,location1|r100y_p0.5_d3h|12,reliable,0.14922688802083334,reliable,,,prediction,target,0.05,25826,30008,108,108,0.3924941360437842,0.38461538461538464,0,-0.007878751428399555,0,0,0.016495005033686984
seed202|batch1|sample1|location1|r200y_p0.5_d3h|0,seed202,phase10_margin_aware_boundary_band_seed202_40e,runs\phase10_margin_aware_boundary_band_seed202_40e,runs\phase10_margin_aware_boundary_band_seed202_40e\evaluation_test\test_batch_0001\forecast_maps.npz,runs\phase10_margin_aware_boundary_band_seed202_40e\evaluation_test\test_batch_0001\summary.json,1,1,test,location1,r200y_p0.5_d3h,0,12,12,mass_preserving,location1|r200y_p0.5_d3h|0,reliable,0.4845211996725709,reliable,,,prediction,target,0.05,38486,35992,103,104,0.4812169312169312,0.3565996740901684,1,-0.1246172571267628,1,1,0.10754560099776542
seed202|batch2|sample0|location1|r200y_p0.5_d3h|6,seed202,phase10_margin_aware_boundary_band_seed202_40e,runs\phase10_margin_aware_boundary_band_seed202_40e,runs\phase10_margin_aware_boundary_band_seed202_40e\evaluation_test\test_batch_0002\forecast_maps.npz,runs\phase10_margin_aware_boundary_band_seed202_40e\evaluation_test\test_batch_0002\summary.json,2,0,test,location1,r200y_p0.5_d3h,6,12,12,mass_preserving,location1|r200y_p0.5_d3h|6,reliable,0.27564392547906535,reliable,,,prediction,target,0.05,32621,31226,101,97,0.37488626023657873,0.3780212697389623,-4,0.0031350095023835456,0,0,0.08853192728610404
seed202|batch2|sample1|location1|r200y_p0.5_d3h|12,seed202,phase10_margin_aware_boundary_band_seed202_40e,runs\phase10_margin_aware_boundary_band_seed202_40e,runs\phase10_margin_aware_boundary_band_seed202_40e\evaluation_test\test_batch_0002\forecast_maps.npz,runs\phase10_margin_aware_boundary_band_seed202_40e\evaluation_test\test_batch_0002\summary.json,2,1,test,location1,r200y_p0.5_d3h,12,12,12,mass_preserving,location1|r200y_p0.5_d3h|12,reliable,0.12521368662516275,reliable,,,prediction,target,0.05,26951,30339,106,110,0.3941908713692946,0.38813559322033897,4,-0.006055278148955623,1,0,0.020741345404623204
seed202|batch3|sample0|location1|r300y_p0.6_d3h|0,seed202,phase10_margin_aware_boundary_band_seed202_40e,runs\phase10_margin_aware_boundary_band_seed202_40e,runs\phase10_margin_aware_boundary_band_seed202_40e\evaluation_test\test_batch_0003\forecast_maps.npz,runs\phase10_margin_aware_boundary_band_seed202_40e\evaluation_test\test_batch_0003\summary.json,3,0,test,location1,r300y_p0.6_d3h,0,12,12,mass_preserving,location1|r300y_p0.6_d3h|0,reliable,1.5379917599613981,reliable,,,prediction,target,0.05,40861,37225,86,185,0.5284591569421291,0.34279368213228034,99,-0.18566547480984874,1,1,0.14659455226254864
seed202|batch3|sample1|location1|r300y_p0.6_d3h|6,seed202,phase10_margin_aware_boundary_band_seed202_40e,runs\phase10_margin_aware_boundary_band_seed202_40e,runs\phase10_margin_aware_boundary_band_seed202_40e\evaluation_test\test_batch_0003\forecast_maps.npz,runs\phase10_margin_aware_boundary_band_seed202_40e\evaluation_test\test_batch_0003\summary.json,3,1,test,location1,r300y_p0.6_d3h,6,12,12,mass_preserving,location1|r300y_p0.6_d3h|6,reliable,0.6807047604306502,reliable,,,prediction,target,0.05,34305,33736,106,110,0.3694412770809578,0.37720848056537104,4,0.007767203484413232,0,0,0.07007724821454599
seed202|batch4|sample0|location1|r300y_p0.6_d3h|12,seed202,phase10_margin_aware_boundary_band_seed202_40e,runs\phase10_margin_aware_boundary_band_seed202_40e,runs\phase10_margin_aware_boundary_band_seed202_40e\evaluation_test\test_batch_0004\forecast_maps.npz,runs\phase10_margin_aware_boundary_band_seed202_40e\evaluation_test\test_batch_0004\summary.json,4,0,test,location1,r300y_p0.6_d3h,12,12,12,mass_preserving,location1|r300y_p0.6_d3h|12,reliable,0.5772514979044597,reliable,,,prediction,target,0.05,28314,29851,110,105,0.3927927927927928,0.3901360544217687,-5,-0.002656738371024092,0,0,0.03786112877021968
seed202|batch4|sample1|location1|r300y_p0.8_d3h|0,seed202,phase10_margin_aware_boundary_band_seed202_40e,runs\phase10_margin_aware_boundary_band_seed202_40e,runs\phase10_margin_aware_boundary_band_seed202_40e\evaluation_test\test_batch_0004\forecast_maps.npz,runs\phase10_margin_aware_boundary_band_seed202_40e\evaluation_test\test_batch_0004\summary.json,4,1,test,location1,r300y_p0.8_d3h,0,12,12,mass_preserving,location1|r300y_p0.8_d3h|0,reliable,1.3014636515269975,reliable,,,prediction,target,0.05,38919,37020,81,103,0.526291723822588,0.3593835993395707,22,-0.16690812448301734,1,1,0.14617538991238213
seed202|batch5|sample0|location1|r300y_p0.8_d3h|6,seed202,phase10_margin_aware_boundary_band_seed202_40e,runs\phase10_margin_aware_boundary_band_seed202_40e,runs\phase10_margin_aware_boundary_band_seed202_40e\evaluation_test\test_batch_0005\forecast_maps.npz,runs\phase10_margin_aware_boundary_band_seed202_40e\evaluation_test\test_batch_0005\summary.json,5,0,test,location1,r300y_p0.8_d3h,6,12,12,mass_preserving,location1|r300y_p0.8_d3h|6,reliable,1.0019370992060357,reliable,,,prediction,target,0.05,36028,35711,100,143,0.4877146631439894,0.3642798802069153,43,-0.1234347829370741,1,1,0.09831242367047852
seed202|batch5|sample1|location1|r300y_p0.8_d3h|12,seed202,phase10_margin_aware_boundary_band_seed202_40e,runs\phase10_margin_aware_boundary_band_seed202_40e,runs\phase10_margin_aware_boundary_band_seed202_40e\evaluation_test\test_batch_0005\forecast_maps.npz,runs\phase10_margin_aware_boundary_band_seed202_40e\evaluation_test\test_batch_0005\summary.json,5,1,test,location1,r300y_p0.8_d3h,12,12,12,mass_preserving,location1|r300y_p0.8_d3h|12,reliable,0.5899547576904297,reliable,,,prediction,target,0.05,29530,32028,111,103,0.40353307932109456,0.39119575398064316,-8,-0.0123373253404514,0,0,0.03816457839485269
seed202|batch6|sample0|location2|r100y_p0.5_d3h|0,seed202,phase10_margin_aware_boundary_band_seed202_40e,runs\phase10_margin_aware_boundary_band_seed202_40e,runs\phase10_margin_aware_boundary_band_seed202_40e\evaluation_test\test_batch_0006\forecast_maps.npz,runs\phase10_margin_aware_boundary_band_seed202_40e\evaluation_test\test_batch_0006\summary.json,6,0,test,location2,r100y_p0.5_d3h,0,12,12,mass_preserving,location2|r100y_p0.5_d3h|0,caution,4.250443177854044,caution,,,prediction,target,0.05,14246,10100,105,74,0.6169977924944813,0.26885245901639343,-31,-0.34814533347808785,0,1,0.34009546539379476
seed202|batch6|sample1|location2|r100y_p0.5_d3h|6,seed202,phase10_margin_aware_boundary_band_seed202_40e,runs\phase10_margin_aware_boundary_band_seed202_40e,runs\phase10_margin_aware_boundary_band_seed202_40e\evaluation_test\test_batch_0006\forecast_maps.npz,runs\phase10_margin_aware_boundary_band_seed202_40e\evaluation_test\test_batch_0006\summary.json,6,1,test,location2,r100y_p0.5_d3h,6,12,12,mass_preserving,location2|r100y_p0.5_d3h|6,reliable,1.4299283901843416,reliable,,,prediction,target,0.05,9461,8200,93,62,0.30297723292469353,0.26799557032115173,-31,-0.0349816626035418,0,0,0.2068491702779833
seed202|batch7|sample0|location2|r100y_p0.5_d3h|12,seed202,phase10_margin_aware_boundary_band_seed202_40e,runs\phase10_margin_aware_boundary_band_seed202_40e,runs\phase10_margin_aware_boundary_band_seed202_40e\evaluation_test\test_batch_0007\forecast_maps.npz,runs\phase10_margin_aware_boundary_band_seed202_40e\evaluation_test\test_batch_0007\summary.json,7,0,test,location2,r100y_p0.5_d3h,12,12,12,mass_preserving,location2|r100y_p0.5_d3h|12,reliable,0.7779875505990581,reliable,,,prediction,target,0.05,6639,6569,83,63,0.2125340599455041,0.27391874180865006,-20,0.06138468186314597,0,0,0.14972134357583974
seed202|batch7|sample1|location2|r200y_p0.5_d3h|0,seed202,phase10_margin_aware_boundary_band_seed202_40e,runs\phase10_margin_aware_boundary_band_seed202_40e,runs\phase10_margin_aware_boundary_band_seed202_40e\evaluation_test\test_batch_0007\forecast_maps.npz,runs\phase10_margin_aware_boundary_band_seed202_40e\evaluation_test\test_batch_0007\summary.json,7,1,test,location2,r200y_p0.5_d3h,0,12,12,mass_preserving,location2|r200y_p0.5_d3h|0,high-risk,5.020210754489117,high-risk,,,prediction,target,0.05,15283,9466,112,77,0.6070120355834642,0.26700680272108845,-35,-0.3400052328623757,0,1,0.40227703984819735
seed202|batch8|sample0|location2|r200y_p0.5_d3h|6,seed202,phase10_margin_aware_boundary_band_seed202_40e,runs\phase10_margin_aware_boundary_band_seed202_40e,runs\phase10_margin_aware_boundary_band_seed202_40e\evaluation_test\test_batch_0008\forecast_maps.npz,runs\phase10_margin_aware_boundary_band_seed202_40e\evaluation_test\test_batch_0008\summary.json,8,0,test,location2,r200y_p0.5_d3h,6,12,12,mass_preserving,location2|r200y_p0.5_d3h|6,reliable,1.8378865446166925,reliable,,,prediction,target,0.05,10394,8464,100,62,0.2891072891072891,0.2580299785867238,-38,-0.031077310520565338,0,0,0.21945353088320185
seed202|batch8|sample1|location2|r200y_p0.5_d3h|12,seed202,phase10_margin_aware_boundary_band_seed202_40e,runs\phase10_margin_aware_boundary_band_seed202_40e,runs\phase10_margin_aware_boundary_band_seed202_40e\evaluation_test\test_batch_0008\forecast_maps.npz,runs\phase10_margin_aware_boundary_band_seed202_40e\evaluation_test\test_batch_0008\summary.json,8,1,test,location2,r200y_p0.5_d3h,12,12,12,mass_preserving,location2|r200y_p0.5_d3h|12,reliable,0.8728281819565638,reliable,,,prediction,target,0.05,7509,6819,84,65,0.24783147459727387,0.27892030848329047,-19,0.031088833886016604,0,0,0.16020775069916102
seed202|batch9|sample0|location2|r300y_p0.6_d3h|0,seed202,phase10_margin_aware_boundary_band_seed202_40e,runs\phase10_margin_aware_boundary_band_seed202_40e,runs\phase10_margin_aware_boundary_band_seed202_40e\evaluation_test\test_batch_0009\forecast_maps.npz,runs\phase10_margin_aware_boundary_band_seed202_40e\evaluation_test\test_batch_0009\summary.json,9,0,test,location2,r300y_p0.6_d3h,0,12,12,mass_preserving,location2|r300y_p0.6_d3h|0,high-risk,6.15901133986023,high-risk,,,prediction,target,0.05,17372,13206,106,75,0.6957713390759592,0.320265780730897,-31,-0.3755055583450622,0,1,0.3060672346304398
seed202|batch9|sample1|location2|r300y_p0.6_d3h|6,seed202,phase10_margin_aware_boundary_band_seed202_40e,runs\phase10_margin_aware_boundary_band_seed202_40e,runs\phase10_margin_aware_boundary_band_seed202_40e\evaluation_test\test_batch_0009\forecast_maps.npz,runs\phase10_margin_aware_boundary_band_seed202_40e\evaluation_test\test_batch_0009\summary.json,9,1,test,location2,r300y_p0.6_d3h,6,12,12,mass_preserving,location2|r300y_p0.6_d3h|6,caution,3.435624277281394,caution,caution,Selected as a representative caution-labeled case closest to the caution risk midpoint with stable tie-breaks.,prediction,target,0.05,11187,11873,98,94,0.2742772424017791,0.2631578947368421,-4,-0.011119347664936996,0,0,0.14123536247430052
seed202|batch10|sample0|location2|r300y_p0.6_d3h|12,seed202,phase10_margin_aware_boundary_band_seed202_40e,runs\phase10_margin_aware_boundary_band_seed202_40e,runs\phase10_margin_aware_boundary_band_seed202_40e\evaluation_test\test_batch_0010\forecast_maps.npz,runs\phase10_margin_aware_boundary_band_seed202_40e\evaluation_test\test_batch_0010\summary.json,10,0,test,location2,r300y_p0.6_d3h,12,12,12,mass_preserving,location2|r300y_p0.6_d3h|12,caution,2.5,caution,,,prediction,target,0.05,8238,8846,84,65,0.2576832151300236,0.28167641325536064,-19,0.023993198125337012,0,0,0.09966011167759165
seed202|batch10|sample1|location2|r300y_p0.6_d3h|18,seed202,phase10_margin_aware_boundary_band_seed202_40e,runs\phase10_margin_aware_boundary_band_seed202_40e,runs\phase10_margin_aware_boundary_band_seed202_40e\evaluation_test\test_batch_0010\forecast_maps.npz,runs\phase10_margin_aware_boundary_band_seed202_40e\evaluation_test\test_batch_0010\summary.json,10,1,test,location2,r300y_p0.6_d3h,18,12,12,mass_preserving,location2|r300y_p0.6_d3h|18,caution,2.5853568800588667,caution,,,prediction,target,0.05,6493,7026,87,60,0.2564491654021244,0.2609254498714653,-27,0.0044762844693408965,0,0,0.11920529801324503
seed202|batch11|sample0|location2|r300y_p0.6_d3h|24,seed202,phase10_margin_aware_boundary_band_seed202_40e,runs\phase10_margin_aware_boundary_band_seed202_40e,runs\phase10_margin_aware_boundary_band_seed202_40e\evaluation_test\test_batch_0011\forecast_maps.npz,runs\phase10_margin_aware_boundary_band_seed202_40e\evaluation_test\test_batch_0011\summary.json,11,0,test,location2,r300y_p0.6_d3h,24,12,12,mass_preserving,location2|r300y_p0.6_d3h|24,caution,2.8927124587294206,caution,,,prediction,target,0.05,5687,5495,87,63,0.224609375,0.2269170579029734,-24,0.002307682902973396,0,0,0.17056444522595393
seed202|batch11|sample1|location2|r300y_p0.8_d3h|0,seed202,phase10_margin_aware_boundary_band_seed202_40e,runs\phase10_margin_aware_boundary_band_seed202_40e,runs\phase10_margin_aware_boundary_band_seed202_40e\evaluation_test\test_batch_0011\forecast_maps.npz,runs\phase10_margin_aware_boundary_band_seed202_40e\evaluation_test\test_batch_0011\summary.json,11,1,test,location2,r300y_p0.8_d3h,0,12,12,mass_preserving,location2|r300y_p0.8_d3h|0,high-risk,7.905763672331525,high-risk,high-risk,"Selected as a high-risk case, prioritizing Phase-13-like location2+r300y evidence and then stronger risk evidence.",prediction,target,0.05,17942,10191,105,70,0.7092731829573935,0.2744924977934687,-35,-0.4347806851639248,0,1,0.49693456693791105
seed202|batch12|sample0|location2|r300y_p0.8_d3h|6,seed202,phase10_margin_aware_boundary_band_seed202_40e,runs\phase10_margin_aware_boundary_band_seed202_40e,runs\phase10_margin_aware_boundary_band_seed202_40e\evaluation_test\test_batch_0012\forecast_maps.npz,runs\phase10_margin_aware_boundary_band_seed202_40e\evaluation_test\test_batch_0012\summary.json,12,0,test,location2,r300y_p0.8_d3h,6,12,12,mass_preserving,location2|r300y_p0.8_d3h|6,high-risk,5.347769967583529,high-risk,,,prediction,target,0.05,11825,9274,89,91,0.35768261964735515,0.24955277280858676,2,-0.10812984683876839,1,1,0.2905708245243129
seed202|batch12|sample1|location2|r300y_p0.8_d3h|12,seed202,phase10_margin_aware_boundary_band_seed202_40e,runs\phase10_margin_aware_boundary_band_seed202_40e,runs\phase10_margin_aware_boundary_band_seed202_40e\evaluation_test\test_batch_0012\forecast_maps.npz,runs\phase10_margin_aware_boundary_band_seed202_40e\evaluation_test\test_batch_0012\summary.json,12,1,test,location2,r300y_p0.8_d3h,12,12,12,mass_preserving,location2|r300y_p0.8_d3h|12,caution,2.729001013875304,caution,,,prediction,target,0.05,8448,7891,85,72,0.25257142857142856,0.26429341963322545,-13,0.011721991061796888,0,0,0.13660037878787878
seed202|batch13|sample0|location3|r100y_p0.5_d3h|0,seed202,phase10_margin_aware_boundary_band_seed202_40e,runs\phase10_margin_aware_boundary_band_seed202_40e,runs\phase10_margin_aware_boundary_band_seed202_40e\evaluation_test\test_batch_0013\forecast_maps.npz,runs\phase10_margin_aware_boundary_band_seed202_40e\evaluation_test\test_batch_0013\summary.json,13,0,test,location3,r100y_p0.5_d3h,0,12,12,mass_preserving,location3|r100y_p0.5_d3h|0,reliable,0.554141865981026,reliable,,,prediction,target,0.05,28739,27746,172,209,0.36822742474916387,0.38087623920690755,37,0.012648814457743685,0,0,0.12721389053202964
seed202|batch13|sample1|location3|r100y_p0.5_d3h|6,seed202,phase10_margin_aware_boundary_band_seed202_40e,runs\phase10_margin_aware_boundary_band_seed202_40e,runs\phase10_margin_aware_boundary_band_seed202_40e\evaluation_test\test_batch_0013\forecast_maps.npz,runs\phase10_margin_aware_boundary_band_seed202_40e\evaluation_test\test_batch_0013\summary.json,13,1,test,location3,r100y_p0.5_d3h,6,12,12,mass_preserving,location3|r100y_p0.5_d3h|6,reliable,0.18692400261978723,reliable,,,prediction,target,0.05,23994,24069,167,150,0.362962962962963,0.3979103178058337,-17,0.034947354842870704,0,0,0.07026756689172294
seed202|batch14|sample0|location3|r100y_p0.5_d3h|12,seed202,phase10_margin_aware_boundary_band_seed202_40e,runs\phase10_margin_aware_boundary_band_seed202_40e,runs\phase10_margin_aware_boundary_band_seed202_40e\evaluation_test\test_batch_0014\forecast_maps.npz,runs\phase10_margin_aware_boundary_band_seed202_40e\evaluation_test\test_batch_0014\summary.json,14,0,test,location3,r100y_p0.5_d3h,12,12,12,mass_preserving,location3|r100y_p0.5_d3h|12,reliable,0.1360800902048747,reliable,,,prediction,target,0.05,21087,24042,147,151,0.4265770423991727,0.3968462549277267,4,-0.02973078747144603,1,0,0.02565561720491298
seed202|batch14|sample1|location3|r200y_p0.5_d3h|0,seed202,phase10_margin_aware_boundary_band_seed202_40e,runs\phase10_margin_aware_boundary_band_seed202_40e,runs\phase10_margin_aware_boundary_band_seed202_40e\evaluation_test\test_batch_0014\forecast_maps.npz,runs\phase10_margin_aware_boundary_band_seed202_40e\evaluation_test\test_batch_0014\summary.json,14,1,test,location3,r200y_p0.5_d3h,0,12,12,mass_preserving,location3|r200y_p0.5_d3h|0,reliable,0.8809398297844502,reliable,,,prediction,target,0.05,30397,27093,168,196,0.3658845909955612,0.33599202392821537,28,-0.029892567067345832,1,0,0.1596210152317663
seed202|batch15|sample0|location3|r200y_p0.5_d3h|6,seed202,phase10_margin_aware_boundary_band_seed202_40e,runs\phase10_margin_aware_boundary_band_seed202_40e,runs\phase10_margin_aware_boundary_band_seed202_40e\evaluation_test\test_batch_0015\forecast_maps.npz,runs\phase10_margin_aware_boundary_band_seed202_40e\evaluation_test\test_batch_0015\summary.json,15,0,test,location3,r200y_p0.5_d3h,6,12,12,mass_preserving,location3|r200y_p0.5_d3h|6,reliable,0.2685087369209167,reliable,,,prediction,target,0.05,25306,24323,168,157,0.35501355013550134,0.39316239316239315,-11,0.03814884302689181,0,0,0.08503912115703785
seed202|batch15|sample1|location3|r200y_p0.5_d3h|12,seed202,phase10_margin_aware_boundary_band_seed202_40e,runs\phase10_margin_aware_boundary_band_seed202_40e,runs\phase10_margin_aware_boundary_band_seed202_40e\evaluation_test\test_batch_0015\forecast_maps.npz,runs\phase10_margin_aware_boundary_band_seed202_40e\evaluation_test\test_batch_0015\summary.json,15,1,test,location3,r200y_p0.5_d3h,12,12,12,mass_preserving,location3|r200y_p0.5_d3h|12,reliable,0.12980848948160809,reliable,,,prediction,target,0.05,22244,24227,153,150,0.4275184275184275,0.3968668407310705,-3,-0.03065158678735702,0,0,0.02877180363244021
seed202|batch16|sample0|location3|r300y_p0.6_d3h|0,seed202,phase10_margin_aware_boundary_band_seed202_40e,runs\phase10_margin_aware_boundary_band_seed202_40e,runs\phase10_margin_aware_boundary_band_seed202_40e\evaluation_test\test_batch_0016\forecast_maps.npz,runs\phase10_margin_aware_boundary_band_seed202_40e\evaluation_test\test_batch_0016\summary.json,16,0,test,location3,r300y_p0.6_d3h,0,12,12,mass_preserving,location3|r300y_p0.6_d3h|0,reliable,1.9700718852628787,reliable,,,prediction,target,0.05,32592,28548,175,334,0.4736133548734518,0.3155311778290993,159,-0.1580821770443525,1,1,0.20066273932253315
seed202|batch16|sample1|location3|r300y_p0.6_d3h|6,seed202,phase10_margin_aware_boundary_band_seed202_40e,runs\phase10_margin_aware_boundary_band_seed202_40e,runs\phase10_margin_aware_boundary_band_seed202_40e\evaluation_test\test_batch_0016\forecast_maps.npz,runs\phase10_margin_aware_boundary_band_seed202_40e\evaluation_test\test_batch_0016\summary.json,16,1,test,location3,r300y_p0.6_d3h,6,12,12,mass_preserving,location3|r300y_p0.6_d3h|6,reliable,0.7384652648939676,reliable,,,prediction,target,0.05,26235,25660,172,152,0.365764447695684,0.36710833982852686,-20,0.001343892132842861,0,0,0.07749190013340956
seed202|batch17|sample0|location3|r300y_p0.6_d3h|12,seed202,phase10_margin_aware_boundary_band_seed202_40e,runs\phase10_margin_aware_boundary_band_seed202_40e,runs\phase10_margin_aware_boundary_band_seed202_40e\evaluation_test\test_batch_0017\forecast_maps.npz,runs\phase10_margin_aware_boundary_band_seed202_40e\evaluation_test\test_batch_0017\summary.json,17,0,test,location3,r300y_p0.6_d3h,12,12,12,mass_preserving,location3|r300y_p0.6_d3h|12,reliable,0.6398848533630371,reliable,,,prediction,target,0.05,22927,23978,154,153,0.4287769784172662,0.4009640666082384,-1,-0.027812911809027785,0,0,0.03720504209011209
seed202|batch17|sample1|location3|r300y_p0.8_d3h|0,seed202,phase10_margin_aware_boundary_band_seed202_40e,runs\phase10_margin_aware_boundary_band_seed202_40e,runs\phase10_margin_aware_boundary_band_seed202_40e\evaluation_test\test_batch_0017\forecast_maps.npz,runs\phase10_margin_aware_boundary_band_seed202_40e\evaluation_test\test_batch_0017\summary.json,17,1,test,location3,r300y_p0.8_d3h,0,12,12,mass_preserving,location3|r300y_p0.8_d3h|0,reliable,1.8565011306961405,reliable,,,prediction,target,0.05,32760,28287,184,172,0.4601164851861231,0.395840322039584,-12,-0.06427616314653906,0,1,0.21611721611721613
seed202|batch18|sample0|location3|r300y_p0.8_d3h|6,seed202,phase10_margin_aware_boundary_band_seed202_40e,runs\phase10_margin_aware_boundary_band_seed202_40e,runs\phase10_margin_aware_boundary_band_seed202_40e\evaluation_test\test_batch_0018\forecast_maps.npz,runs\phase10_margin_aware_boundary_band_seed202_40e\evaluation_test\test_batch_0018\summary.json,18,0,test,location3,r300y_p0.8_d3h,6,12,12,mass_preserving,location3|r300y_p0.8_d3h|6,reliable,1.0676112959491142,reliable,,,prediction,target,0.05,27044,27012,176,227,0.3460360666893501,0.33401639344262296,51,-0.012019673246727147,1,0,0.10253660701079723
seed202|batch18|sample1|location3|r300y_p0.8_d3h|12,seed202,phase10_margin_aware_boundary_band_seed202_40e,runs\phase10_margin_aware_boundary_band_seed202_40e,runs\phase10_margin_aware_boundary_band_seed202_40e\evaluation_test\test_batch_0018\forecast_maps.npz,runs\phase10_margin_aware_boundary_band_seed202_40e\evaluation_test\test_batch_0018\summary.json,18,1,test,location3,r300y_p0.8_d3h,12,12,12,mass_preserving,location3|r300y_p0.8_d3h|12,reliable,0.6852056821187338,reliable,,,prediction,target,0.05,23257,24675,153,151,0.42521166509877706,0.38464713165497316,-2,-0.040564533443803896,0,0,0.03517220621748291
seed42|batch0|sample0|location1|r100y_p0.5_d3h|0,seed42,phase10_margin_aware_boundary_band_seed42_40e,runs\phase10_margin_aware_boundary_band_seed42_40e,runs\phase10_margin_aware_boundary_band_seed42_40e\evaluation_test\test_batch_0000\forecast_maps.npz,runs\phase10_margin_aware_boundary_band_seed42_40e\evaluation_test\test_batch_0000\summary.json,0,0,test,location1,r100y_p0.5_d3h,0,12,12,mass_preserving,location1|r100y_p0.5_d3h|0,reliable,0.8633111808409426,reliable,,,prediction,target,0.05,37051,34503,91,119,0.47122207621550594,0.3591015931052494,28,-0.11212048311025652,1,1,0.15575827912876847
seed42|batch0|sample1|location1|r100y_p0.5_d3h|6,seed42,phase10_margin_aware_boundary_band_seed42_40e,runs\phase10_margin_aware_boundary_band_seed42_40e,runs\phase10_margin_aware_boundary_band_seed42_40e\evaluation_test\test_batch_0000\forecast_maps.npz,runs\phase10_margin_aware_boundary_band_seed42_40e\evaluation_test\test_batch_0000\summary.json,0,1,test,location1,r100y_p0.5_d3h,6,12,12,mass_preserving,location1|r100y_p0.5_d3h|6,reliable,0.33766517931342716,reliable,reliable,"Selected as the lowest-risk reliable-labeled case using risk score, false-dry, boundary, RMSE, and stable identity tie-breaks.",prediction,target,0.05,31376,30521,106,82,0.37253057384760113,0.3794337780670355,-24,0.006903204219434356,0,0,0.10606833248342683
seed42|batch1|sample0|location1|r100y_p0.5_d3h|12,seed42,phase10_margin_aware_boundary_band_seed42_40e,runs\phase10_margin_aware_boundary_band_seed42_40e,runs\phase10_margin_aware_boundary_band_seed42_40e\evaluation_test\test_batch_0001\forecast_maps.npz,runs\phase10_margin_aware_boundary_band_seed42_40e\evaluation_test\test_batch_0001\summary.json,1,0,test,location1,r100y_p0.5_d3h,12,12,12,mass_preserving,location1|r100y_p0.5_d3h|12,reliable,0.27551879882812497,reliable,,,prediction,target,0.05,25826,28985,108,95,0.3924941360437842,0.3816689466484268,-13,-0.01082518939535737,0,0,0.06218539456361806
seed42|batch1|sample1|location1|r200y_p0.5_d3h|0,seed42,phase10_margin_aware_boundary_band_seed42_40e,runs\phase10_margin_aware_boundary_band_seed42_40e,runs\phase10_margin_aware_boundary_band_seed42_40e\evaluation_test\test_batch_0001\forecast_maps.npz,runs\phase10_margin_aware_boundary_band_seed42_40e\evaluation_test\test_batch_0001\summary.json,1,1,test,location1,r200y_p0.5_d3h,0,12,12,mass_preserving,location1|r200y_p0.5_d3h|0,reliable,1.1673403928180286,reliable,,,prediction,target,0.05,38486,34142,103,130,0.4812169312169312,0.3596033402922756,27,-0.12161359092465562,1,1,0.16964610507717093
seed42|batch2|sample0|location1|r200y_p0.5_d3h|6,seed42,phase10_margin_aware_boundary_band_seed42_40e,runs\phase10_margin_aware_boundary_band_seed42_40e,runs\phase10_margin_aware_boundary_band_seed42_40e\evaluation_test\test_batch_0002\forecast_maps.npz,runs\phase10_margin_aware_boundary_band_seed42_40e\evaluation_test\test_batch_0002\summary.json,2,0,test,location1,r200y_p0.5_d3h,6,12,12,mass_preserving,location1|r200y_p0.5_d3h|6,reliable,0.4752424056350733,reliable,,,prediction,target,0.05,32621,31177,101,94,0.37488626023657873,0.3753572562718323,-7,0.00047099603525357914,0,0,0.11121670089819441
seed42|batch2|sample1|location1|r200y_p0.5_d3h|12,seed42,phase10_margin_aware_boundary_band_seed42_40e,runs\phase10_margin_aware_boundary_band_seed42_40e,runs\phase10_margin_aware_boundary_band_seed42_40e\evaluation_test\test_batch_0002\forecast_maps.npz,runs\phase10_margin_aware_boundary_band_seed42_40e\evaluation_test\test_batch_0002\summary.json,2,1,test,location1,r200y_p0.5_d3h,12,12,12,mass_preserving,location1|r200y_p0.5_d3h|12,reliable,0.250081443786621,reliable,,,prediction,target,0.05,26951,28942,106,93,0.3941908713692946,0.3863013698630137,-13,-0.007889501506280872,0,0,0.0743571667099551
seed42|batch3|sample0|location1|r300y_p0.6_d3h|0,seed42,phase10_margin_aware_boundary_band_seed42_40e,runs\phase10_margin_aware_boundary_band_seed42_40e,runs\phase10_margin_aware_boundary_band_seed42_40e\evaluation_test\test_batch_0003\forecast_maps.npz,runs\phase10_margin_aware_boundary_band_seed42_40e\evaluation_test\test_batch_0003\summary.json,3,0,test,location1,r300y_p0.6_d3h,0,12,12,mass_preserving,location1|r300y_p0.6_d3h|0,reliable,2.175180755582202,reliable,,,prediction,target,0.05,40861,35438,86,168,0.5284591569421291,0.4326831588962892,82,-0.09577599804583986,1,1,0.2009740339198747
seed42|batch3|sample1|location1|r300y_p0.6_d3h|6,seed42,phase10_margin_aware_boundary_band_seed42_40e,runs\phase10_margin_aware_boundary_band_seed42_40e,runs\phase10_margin_aware_boundary_band_seed42_40e\evaluation_test\test_batch_0003\forecast_maps.npz,runs\phase10_margin_aware_boundary_band_seed42_40e\evaluation_test\test_batch_0003\summary.json,3,1,test,location1,r300y_p0.6_d3h,6,12,12,mass_preserving,location1|r300y_p0.6_d3h|6,reliable,1.2068207612934438,reliable,,,prediction,target,0.05,34305,31677,106,91,0.3694412770809578,0.3785381026438569,-15,0.009096825562899091,0,0,0.13085556041393384
seed42|batch4|sample0|location1|r300y_p0.6_d3h|12,seed42,phase10_margin_aware_boundary_band_seed42_40e,runs\phase10_margin_aware_boundary_band_seed42_40e,runs\phase10_margin_aware_boundary_band_seed42_40e\evaluation_test\test_batch_0004\forecast_maps.npz,runs\phase10_margin_aware_boundary_band_seed42_40e\evaluation_test\test_batch_0004\summary.json,4,0,test,location1,r300y_p0.6_d3h,12,12,12,mass_preserving,location1|r300y_p0.6_d3h|12,reliable,0.7130547205607096,reliable,,,prediction,target,0.05,28314,29160,110,92,0.3927927927927928,0.3896586684690774,-18,-0.0031341243237154037,0,0,0.08773045136681501
seed42|batch4|sample1|location1|r300y_p0.8_d3h|0,seed42,phase10_margin_aware_boundary_band_seed42_40e,runs\phase10_margin_aware_boundary_band_seed42_40e,runs\phase10_margin_aware_boundary_band_seed42_40e\evaluation_test\test_batch_0004\forecast_maps.npz,runs\phase10_margin_aware_boundary_band_seed42_40e\evaluation_test\test_batch_0004\summary.json,4,1,test,location1,r300y_p0.8_d3h,0,12,12,mass_preserving,location1|r300y_p0.8_d3h|0,reliable,1.9864017311943072,reliable,,,prediction,target,0.05,38919,35125,81,110,0.526291723822588,0.36155297923968727,29,-0.16473874458290078,1,1,0.2002106940054986
seed42|batch5|sample0|location1|r300y_p0.8_d3h|6,seed42,phase10_margin_aware_boundary_band_seed42_40e,runs\phase10_margin_aware_boundary_band_seed42_40e,runs\phase10_margin_aware_boundary_band_seed42_40e\evaluation_test\test_batch_0005\forecast_maps.npz,runs\phase10_margin_aware_boundary_band_seed42_40e\evaluation_test\test_batch_0005\summary.json,5,0,test,location1,r300y_p0.8_d3h,6,12,12,mass_preserving,location1|r300y_p0.8_d3h|6,reliable,1.526451204899377,reliable,,,prediction,target,0.05,36028,34515,100,148,0.4877146631439894,0.4412820512820513,48,-0.046432611861938144,1,0,0.14083490618407904
seed42|batch5|sample1|location1|r300y_p0.8_d3h|12,seed42,phase10_margin_aware_boundary_band_seed42_40e,runs\phase10_margin_aware_boundary_band_seed42_40e,runs\phase10_margin_aware_boundary_band_seed42_40e\evaluation_test\test_batch_0005\forecast_maps.npz,runs\phase10_margin_aware_boundary_band_seed42_40e\evaluation_test\test_batch_0005\summary.json,5,1,test,location1,r300y_p0.8_d3h,12,12,12,mass_preserving,location1|r300y_p0.8_d3h|12,reliable,0.7199087778727213,reliable,,,prediction,target,0.05,29530,31147,111,85,0.40353307932109456,0.3817780580075662,-26,-0.021755021313528355,0,0,0.0817135116830342
seed42|batch6|sample0|location2|r100y_p0.5_d3h|0,seed42,phase10_margin_aware_boundary_band_seed42_40e,runs\phase10_margin_aware_boundary_band_seed42_40e,runs\phase10_margin_aware_boundary_band_seed42_40e\evaluation_test\test_batch_0006\forecast_maps.npz,runs\phase10_margin_aware_boundary_band_seed42_40e\evaluation_test\test_batch_0006\summary.json,6,0,test,location2,r100y_p0.5_d3h,0,12,12,mass_preserving,location2|r100y_p0.5_d3h|0,high-risk,5.109393099586229,high-risk,,,prediction,target,0.05,14246,9199,105,51,0.6169977924944813,0.30708661417322836,-54,-0.3099111783212529,0,1,0.4270672469465113
seed42|batch6|sample1|location2|r100y_p0.5_d3h|6,seed42,phase10_margin_aware_boundary_band_seed42_40e,runs\phase10_margin_aware_boundary_band_seed42_40e,runs\phase10_margin_aware_boundary_band_seed42_40e\evaluation_test\test_batch_0006\forecast_maps.npz,runs\phase10_margin_aware_boundary_band_seed42_40e\evaluation_test\test_batch_0006\summary.json,6,1,test,location2,r100y_p0.5_d3h,6,12,12,mass_preserving,location2|r100y_p0.5_d3h|6,caution,3.070936264799175,caution,,,prediction,target,0.05,9461,6890,93,32,0.30297723292469353,0.277992277992278,-61,-0.024984954932415537,0,0,0.3701511468132333
seed42|batch7|sample0|location2|r100y_p0.5_d3h|12,seed42,phase10_margin_aware_boundary_band_seed42_40e,runs\phase10_margin_aware_boundary_band_seed42_40e,runs\phase10_margin_aware_boundary_band_seed42_40e\evaluation_test\test_batch_0007\forecast_maps.npz,runs\phase10_margin_aware_boundary_band_seed42_40e\evaluation_test\test_batch_0007\summary.json,7,0,test,location2,r100y_p0.5_d3h,12,12,12,mass_preserving,location2|r100y_p0.5_d3h|12,reliable,2.1333941805946983,reliable,,,prediction,target,0.05,6639,5727,83,28,0.2125340599455041,0.20496894409937888,-55,-0.007565115846125209,0,0,0.3486970929356831
seed42|batch7|sample1|location2|r200y_p0.5_d3h|0,seed42,phase10_margin_aware_boundary_band_seed42_40e,runs\phase10_margin_aware_boundary_band_seed42_40e,runs\phase10_margin_aware_boundary_band_seed42_40e\evaluation_test\test_batch_0007\forecast_maps.npz,runs\phase10_margin_aware_boundary_band_seed42_40e\evaluation_test\test_batch_0007\summary.json,7,1,test,location2,r200y_p0.5_d3h,0,12,12,mass_preserving,location2|r200y_p0.5_d3h|0,high-risk,5.657277233958493,high-risk,,,prediction,target,0.05,15283,8909,112,52,0.6070120355834642,0.2840396753832281,-60,-0.32297236020023606,0,1,0.4667931688804554
seed42|batch8|sample0|location2|r200y_p0.5_d3h|6,seed42,phase10_margin_aware_boundary_band_seed42_40e,runs\phase10_margin_aware_boundary_band_seed42_40e,runs\phase10_margin_aware_boundary_band_seed42_40e\evaluation_test\test_batch_0008\forecast_maps.npz,runs\phase10_margin_aware_boundary_band_seed42_40e\evaluation_test\test_batch_0008\summary.json,8,0,test,location2,r200y_p0.5_d3h,6,12,12,mass_preserving,location2|r200y_p0.5_d3h|6,caution,3.5894173677531853,caution,,,prediction,target,0.05,10394,7127,100,35,0.2891072891072891,0.26932668329177056,-65,-0.019780605815518548,0,0,0.39455455070232825
seed42|batch8|sample1|location2|r200y_p0.5_d3h|12,seed42,phase10_margin_aware_boundary_band_seed42_40e,runs\phase10_margin_aware_boundary_band_seed42_40e,runs\phase10_margin_aware_boundary_band_seed42_40e\evaluation_test\test_batch_0008\forecast_maps.npz,runs\phase10_margin_aware_boundary_band_seed42_40e\evaluation_test\test_batch_0008\summary.json,8,1,test,location2,r200y_p0.5_d3h,12,12,12,mass_preserving,location2|r200y_p0.5_d3h|12,caution,2.510574456255723,caution,,,prediction,target,0.05,7509,5906,84,30,0.24783147459727387,0.20606060606060606,-54,-0.04177086853666781,0,0,0.364895458782794
seed42|batch9|sample0|location2|r300y_p0.6_d3h|0,seed42,phase10_margin_aware_boundary_band_seed42_40e,runs\phase10_margin_aware_boundary_band_seed42_40e,runs\phase10_margin_aware_boundary_band_seed42_40e\evaluation_test\test_batch_0009\forecast_maps.npz,runs\phase10_margin_aware_boundary_band_seed42_40e\evaluation_test\test_batch_0009\summary.json,9,0,test,location2,r300y_p0.6_d3h,0,12,12,mass_preserving,location2|r300y_p0.6_d3h|0,high-risk,8.414374780117354,high-risk,,,prediction,target,0.05,17372,9403,106,31,0.6957713390759592,0.3611111111111111,-75,-0.3346602279648481,0,1,0.510994704121575
seed42|batch9|sample1|location2|r300y_p0.6_d3h|6,seed42,phase10_margin_aware_boundary_band_seed42_40e,runs\phase10_margin_aware_boundary_band_seed42_40e,runs\phase10_margin_aware_boundary_band_seed42_40e\evaluation_test\test_batch_0009\forecast_maps.npz,runs\phase10_margin_aware_boundary_band_seed42_40e\evaluation_test\test_batch_0009\summary.json,9,1,test,location2,r300y_p0.6_d3h,6,12,12,mass_preserving,location2|r300y_p0.6_d3h|6,caution,4.666625702538086,caution,caution,Selected as a representative caution-labeled case closest to the caution risk midpoint with stable tie-breaks.,prediction,target,0.05,11187,11110,98,49,0.2742772424017791,0.32175925925925924,-49,0.04748201685748016,0,0,0.27666040940377223
seed42|batch10|sample0|location2|r300y_p0.6_d3h|12,seed42,phase10_margin_aware_boundary_band_seed42_40e,runs\phase10_margin_aware_boundary_band_seed42_40e,runs\phase10_margin_aware_boundary_band_seed42_40e\evaluation_test\test_batch_0010\forecast_maps.npz,runs\phase10_margin_aware_boundary_band_seed42_40e\evaluation_test\test_batch_0010\summary.json,10,0,test,location2,r300y_p0.6_d3h,12,12,12,mass_preserving,location2|r300y_p0.6_d3h|12,caution,3.4126328560071757,caution,,,prediction,target,0.05,8238,9277,84,37,0.2576832151300236,0.32136105860113423,-47,0.0636778434711106,0,0,0.23670793882010197
seed42|batch10|sample1|location2|r300y_p0.6_d3h|18,seed42,phase10_margin_aware_boundary_band_seed42_40e,runs\phase10_margin_aware_boundary_band_seed42_40e,runs\phase10_margin_aware_boundary_band_seed42_40e\evaluation_test\test_batch_0010\forecast_maps.npz,runs\phase10_margin_aware_boundary_band_seed42_40e\evaluation_test\test_batch_0010\summary.json,10,1,test,location2,r300y_p0.6_d3h,18,12,12,mass_preserving,location2|r300y_p0.6_d3h|18,caution,4.074317948265137,caution,,,prediction,target,0.05,6493,5410,87,30,0.2564491654021244,0.3155339805825243,-57,0.059084815180399874,0,0,0.3342060680733097
seed42|batch11|sample0|location2|r300y_p0.6_d3h|24,seed42,phase10_margin_aware_boundary_band_seed42_40e,runs\phase10_margin_aware_boundary_band_seed42_40e,runs\phase10_margin_aware_boundary_band_seed42_40e\evaluation_test\test_batch_0011\forecast_maps.npz,runs\phase10_margin_aware_boundary_band_seed42_40e\evaluation_test\test_batch_0011\summary.json,11,0,test,location2,r300y_p0.6_d3h,24,12,12,mass_preserving,location2|r300y_p0.6_d3h|24,caution,4.865340345876418,caution,,,prediction,target,0.05,5687,4183,87,26,0.224609375,0.25256673511293637,-61,0.02795736011293637,0,0,0.4126956215931071
seed42|batch11|sample1|location2|r300y_p0.8_d3h|0,seed42,phase10_margin_aware_boundary_band_seed42_40e,runs\phase10_margin_aware_boundary_band_seed42_40e,runs\phase10_margin_aware_boundary_band_seed42_40e\evaluation_test\test_batch_0011\forecast_maps.npz,runs\phase10_margin_aware_boundary_band_seed42_40e\evaluation_test\test_batch_0011\summary.json,11,1,test,location2,r300y_p0.8_d3h,0,12,12,mass_preserving,location2|r300y_p0.8_d3h|0,high-risk,8.592822894640216,high-risk,high-risk,"Selected as a high-risk case, prioritizing Phase-13-like location2+r300y evidence and then stronger risk evidence.",prediction,target,0.05,17942,8645,105,33,0.7092731829573935,0.31749241658240646,-72,-0.39178076637498704,0,1,0.5758555345000558
seed42|batch12|sample0|location2|r300y_p0.8_d3h|6,seed42,phase10_margin_aware_boundary_band_seed42_40e,runs\phase10_margin_aware_boundary_band_seed42_40e,runs\phase10_margin_aware_boundary_band_seed42_40e\evaluation_test\test_batch_0012\forecast_maps.npz,runs\phase10_margin_aware_boundary_band_seed42_40e\evaluation_test\test_batch_0012\summary.json,12,0,test,location2,r300y_p0.8_d3h,6,12,12,mass_preserving,location2|r300y_p0.8_d3h|6,high-risk,5.819418164668541,high-risk,,,prediction,target,0.05,11825,9464,89,59,0.35768261964735515,0.2805391743892165,-30,-0.07714344525813865,0,1,0.3443551797040169
seed42|batch12|sample1|location2|r300y_p0.8_d3h|12,seed42,phase10_margin_aware_boundary_band_seed42_40e,runs\phase10_margin_aware_boundary_band_seed42_40e,runs\phase10_margin_aware_boundary_band_seed42_40e\evaluation_test\test_batch_0012\forecast_maps.npz,runs\phase10_margin_aware_boundary_band_seed42_40e\evaluation_test\test_batch_0012\summary.json,12,1,test,location2,r300y_p0.8_d3h,12,12,12,mass_preserving,location2|r300y_p0.8_d3h|12,caution,3.6364844407542147,caution,,,prediction,target,0.05,8448,7831,85,34,0.25257142857142856,0.3200419727177335,-51,0.06747054414630493,0,0,0.2665719696969697
seed42|batch13|sample0|location3|r100y_p0.5_d3h|0,seed42,phase10_margin_aware_boundary_band_seed42_40e,runs\phase10_margin_aware_boundary_band_seed42_40e,runs\phase10_margin_aware_boundary_band_seed42_40e\evaluation_test\test_batch_0013\forecast_maps.npz,runs\phase10_margin_aware_boundary_band_seed42_40e\evaluation_test\test_batch_0013\summary.json,13,0,test,location3,r100y_p0.5_d3h,0,12,12,mass_preserving,location3|r100y_p0.5_d3h|0,reliable,1.2991621175764827,reliable,,,prediction,target,0.05,28739,25724,172,217,0.36822742474916387,0.32598425196850395,45,-0.04224317278065992,1,0,0.20870593966387138
seed42|batch13|sample1|location3|r100y_p0.5_d3h|6,seed42,phase10_margin_aware_boundary_band_seed42_40e,runs\phase10_margin_aware_boundary_band_seed42_40e,runs\phase10_margin_aware_boundary_band_seed42_40e\evaluation_test\test_batch_0013\forecast_maps.npz,runs\phase10_margin_aware_boundary_band_seed42_40e\evaluation_test\test_batch_0013\summary.json,13,1,test,location3,r100y_p0.5_d3h,6,12,12,mass_preserving,location3|r100y_p0.5_d3h|6,reliable,0.3598511595726864,reliable,,,prediction,target,0.05,23994,23513,167,112,0.362962962962963,0.38296979865771813,-55,0.020006835694755143,0,0,0.11357005918146203
seed42|batch14|sample0|location3|r100y_p0.5_d3h|12,seed42,phase10_margin_aware_boundary_band_seed42_40e,runs\phase10_margin_aware_boundary_band_seed42_40e,runs\phase10_margin_aware_boundary_band_seed42_40e\evaluation_test\test_batch_0014\forecast_maps.npz,runs\phase10_margin_aware_boundary_band_seed42_40e\evaluation_test\test_batch_0014\summary.json,14,0,test,location3,r100y_p0.5_d3h,12,12,12,mass_preserving,location3|r100y_p0.5_d3h|12,reliable,0.1853456338246663,reliable,,,prediction,target,0.05,21087,23149,147,116,0.4265770423991727,0.3897861195984286,-31,-0.036790922800744086,0,0,0.07905344525062835
seed42|batch14|sample1|location3|r200y_p0.5_d3h|0,seed42,phase10_margin_aware_boundary_band_seed42_40e,runs\phase10_margin_aware_boundary_band_seed42_40e,runs\phase10_margin_aware_boundary_band_seed42_40e\evaluation_test\test_batch_0014\forecast_maps.npz,runs\phase10_margin_aware_boundary_band_seed42_40e\evaluation_test\test_batch_0014\summary.json,14,1,test,location3,r200y_p0.5_d3h,0,12,12,mass_preserving,location3|r200y_p0.5_d3h|0,reliable,1.685488583330692,reliable,,,prediction,target,0.05,30397,25630,168,221,0.3658845909955612,0.32479700187382887,53,-0.041087589121732326,1,0,0.2360101325788729
seed42|batch15|sample0|location3|r200y_p0.5_d3h|6,seed42,phase10_margin_aware_boundary_band_seed42_40e,runs\phase10_margin_aware_boundary_band_seed42_40e,runs\phase10_margin_aware_boundary_band_seed42_40e\evaluation_test\test_batch_0015\forecast_maps.npz,runs\phase10_margin_aware_boundary_band_seed42_40e\evaluation_test\test_batch_0015\summary.json,15,0,test,location3,r200y_p0.5_d3h,6,12,12,mass_preserving,location3|r200y_p0.5_d3h|6,reliable,0.6089373826785298,reliable,,,prediction,target,0.05,25306,23988,168,122,0.35501355013550134,0.3753056234718826,-46,0.020292073336381278,0,0,0.13158934640006323
seed42|batch15|sample1|location3|r200y_p0.5_d3h|12,seed42,phase10_margin_aware_boundary_band_seed42_40e,runs\phase10_margin_aware_boundary_band_seed42_40e,runs\phase10_margin_aware_boundary_band_seed42_40e\evaluation_test\test_batch_0015\forecast_maps.npz,runs\phase10_margin_aware_boundary_band_seed42_40e\evaluation_test\test_batch_0015\summary.json,15,1,test,location3,r200y_p0.5_d3h,12,12,12,mass_preserving,location3|r200y_p0.5_d3h|12,reliable,0.1860422134399414,reliable,,,prediction,target,0.05,22244,23248,153,114,0.4275184275184275,0.38910505836575876,-39,-0.03841336915266874,0,0,0.09292393454414674
seed42|batch16|sample0|location3|r300y_p0.6_d3h|0,seed42,phase10_margin_aware_boundary_band_seed42_40e,runs\phase10_margin_aware_boundary_band_seed42_40e,runs\phase10_margin_aware_boundary_band_seed42_40e\evaluation_test\test_batch_0016\forecast_maps.npz,runs\phase10_margin_aware_boundary_band_seed42_40e\evaluation_test\test_batch_0016\summary.json,16,0,test,location3,r300y_p0.6_d3h,0,12,12,mass_preserving,location3|r300y_p0.6_d3h|0,caution,2.8133862049355667,caution,,,prediction,target,0.05,32592,26399,175,241,0.4736133548734518,0.311787072243346,66,-0.1618262826301058,1,1,0.2808971526755032
seed42|batch16|sample1|location3|r300y_p0.6_d3h|6,seed42,phase10_margin_aware_boundary_band_seed42_40e,runs\phase10_margin_aware_boundary_band_seed42_40e,runs\phase10_margin_aware_boundary_band_seed42_40e\evaluation_test\test_batch_0016\forecast_maps.npz,runs\phase10_margin_aware_boundary_band_seed42_40e\evaluation_test\test_batch_0016\summary.json,16,1,test,location3,r300y_p0.6_d3h,6,12,12,mass_preserving,location3|r300y_p0.6_d3h|6,reliable,1.2661212833882334,reliable,,,prediction,target,0.05,26235,24783,172,117,0.365764447695684,0.3876029815613966,-55,0.021838533865712606,0,0,0.13973699256718125
seed42|batch17|sample0|location3|r300y_p0.6_d3h|12,seed42,phase10_margin_aware_boundary_band_seed42_40e,runs\phase10_margin_aware_boundary_band_seed42_40e,runs\phase10_margin_aware_boundary_band_seed42_40e\evaluation_test\test_batch_0017\forecast_maps.npz,runs\phase10_margin_aware_boundary_band_seed42_40e\evaluation_test\test_batch_0017\summary.json,17,0,test,location3,r300y_p0.6_d3h,12,12,12,mass_preserving,location3|r300y_p0.6_d3h|12,reliable,0.7476504376544629,reliable,,,prediction,target,0.05,22927,23063,154,109,0.4287769784172662,0.39319552110249784,-45,-0.03558145731476836,0,0,0.10293540367252585
seed42|batch17|sample1|location3|r300y_p0.8_d3h|0,seed42,phase10_margin_aware_boundary_band_seed42_40e,runs\phase10_margin_aware_boundary_band_seed42_40e,runs\phase10_margin_aware_boundary_band_seed42_40e\evaluation_test\test_batch_0017\forecast_maps.npz,runs\phase10_margin_aware_boundary_band_seed42_40e\evaluation_test\test_batch_0017\summary.json,17,1,test,location3,r300y_p0.8_d3h,0,12,12,mass_preserving,location3|r300y_p0.8_d3h|0,caution,2.904894119132844,caution,,,prediction,target,0.05,32760,25590,184,161,0.4601164851861231,0.3470303867403315,-23,-0.1130860984457916,0,1,0.31001221001221
seed42|batch18|sample0|location3|r300y_p0.8_d3h|6,seed42,phase10_margin_aware_boundary_band_seed42_40e,runs\phase10_margin_aware_boundary_band_seed42_40e,runs\phase10_margin_aware_boundary_band_seed42_40e\evaluation_test\test_batch_0018\forecast_maps.npz,runs\phase10_margin_aware_boundary_band_seed42_40e\evaluation_test\test_batch_0018\summary.json,18,0,test,location3,r300y_p0.8_d3h,6,12,12,mass_preserving,location3|r300y_p0.8_d3h|6,reliable,1.6879928413092813,reliable,,,prediction,target,0.05,27044,26100,176,199,0.3460360666893501,0.32907447803053913,23,-0.016961588658810978,1,0,0.16347433811566336
seed42|batch18|sample1|location3|r300y_p0.8_d3h|12,seed42,phase10_margin_aware_boundary_band_seed42_40e,runs\phase10_margin_aware_boundary_band_seed42_40e,runs\phase10_margin_aware_boundary_band_seed42_40e\evaluation_test\test_batch_0018\forecast_maps.npz,runs\phase10_margin_aware_boundary_band_seed42_40e\evaluation_test\test_batch_0018\summary.json,18,1,test,location3,r300y_p0.8_d3h,12,12,12,mass_preserving,location3|r300y_p0.8_d3h|12,reliable,0.7865036964416503,reliable,,,prediction,target,0.05,23257,24343,153,107,0.42521166509877706,0.38004846526655894,-46,-0.045163199832218115,0,0,0.09287526336156857
