phase24_case_key,seed,run_name,run_root,maps_path,summary_path,batch_index,sample_index,split,location,event,start_idx,input_steps,pred_steps,alignment_mode,scenario_key,warning_level,risk_score,risk_category,phase23_case_role,phase23_selection_basis,prediction_key,target_key,wet_threshold,target_max_depth,predicted_max_depth,peak_depth_bias,peak_depth_underprediction,rmse,mae,false_dry_rate,false_wet_rate
seed123|batch0|sample0|location1|r100y_p0.5_d3h|0,seed123,phase10_margin_aware_boundary_band_seed123_40e,runs\phase10_margin_aware_boundary_band_seed123_40e,runs\phase10_margin_aware_boundary_band_seed123_40e\evaluation_test\test_batch_0000\forecast_maps.npz,runs\phase10_margin_aware_boundary_band_seed123_40e\evaluation_test\test_batch_0000\summary.json,0,0,test,location1,r100y_p0.5_d3h,0,12,12,mass_preserving,location1|r100y_p0.5_d3h|0,reliable,0.5628811465208514,reliable,,,prediction,target,0.05,1.9651845693588257,2.4008681774139404,0.43568360805511475,0.0,0.05600982930683128,0.022755816133930132,0.13457126663247956,0.02066346196030259
seed123|batch0|sample1|location1|r100y_p0.5_d3h|6,seed123,phase10_margin_aware_boundary_band_seed123_40e,runs\phase10_margin_aware_boundary_band_seed123_40e,runs\phase10_margin_aware_boundary_band_seed123_40e\evaluation_test\test_batch_0000\forecast_maps.npz,runs\phase10_margin_aware_boundary_band_seed123_40e\evaluation_test\test_batch_0000\summary.json,0,1,test,location1,r100y_p0.5_d3h,6,12,12,mass_preserving,location1|r100y_p0.5_d3h|6,reliable,0.10639864603678383,reliable,reliable,"Selected as the lowest-risk reliable-labeled case using risk score, false-dry, boundary, RMSE, and stable identity tie-breaks.",prediction,target,0.05,1.9651845693588257,2.3631551265716553,0.3979705572128296,0.0,0.04669135538767235,0.01696211633927334,0.07422870984191739,0.01727268325748039
seed123|batch1|sample0|location1|r100y_p0.5_d3h|12,seed123,phase10_margin_aware_boundary_band_seed123_40e,runs\phase10_margin_aware_boundary_band_seed123_40e,runs\phase10_margin_aware_boundary_band_seed123_40e\evaluation_test\test_batch_0001\forecast_maps.npz,runs\phase10_margin_aware_boundary_band_seed123_40e\evaluation_test\test_batch_0001\summary.json,1,0,test,location1,r100y_p0.5_d3h,12,12,12,mass_preserving,location1|r100y_p0.5_d3h|12,reliable,0.20431111653645834,reliable,,,prediction,target,0.05,1.9066872596740723,2.392242193222046,0.48555493354797363,0.0,0.05182118711911939,0.01725741165830617,0.042282970649732826,0.027959621037345856
seed123|batch1|sample1|location1|r200y_p0.5_d3h|0,seed123,phase10_margin_aware_boundary_band_seed123_40e,runs\phase10_margin_aware_boundary_band_seed123_40e,runs\phase10_margin_aware_boundary_band_seed123_40e\evaluation_test\test_batch_0001\forecast_maps.npz,runs\phase10_margin_aware_boundary_band_seed123_40e\evaluation_test\test_batch_0001\summary.json,1,1,test,location1,r200y_p0.5_d3h,0,12,12,mass_preserving,location1|r200y_p0.5_d3h|0,reliable,0.8703751447502213,reliable,,,prediction,target,0.05,2.024629592895508,2.4239912033081055,0.39936161041259766,0.0,0.05813941516379614,0.023920884441362086,0.14932702801018552,0.013198669381869695
seed123|batch2|sample0|location1|r200y_p0.5_d3h|6,seed123,phase10_margin_aware_boundary_band_seed123_40e,runs\phase10_margin_aware_boundary_band_seed123_40e,runs\phase10_margin_aware_boundary_band_seed123_40e\evaluation_test\test_batch_0002\forecast_maps.npz,runs\phase10_margin_aware_boundary_band_seed123_40e\evaluation_test\test_batch_0002\summary.json,2,0,test,location1,r200y_p0.5_d3h,6,12,12,mass_preserving,location1|r200y_p0.5_d3h|6,reliable,0.17221854177334223,reliable,,,prediction,target,0.05,2.024629592895508,2.359013319015503,0.3343837261199951,0.0,0.04939933608692633,0.018286436110490353,0.08868520278348303,0.014842639965363108
seed123|batch2|sample1|location1|r200y_p0.5_d3h|12,seed123,phase10_margin_aware_boundary_band_seed123_40e,runs\phase10_margin_aware_boundary_band_seed123_40e,runs\phase10_margin_aware_boundary_band_seed123_40e\evaluation_test\test_batch_0002\forecast_maps.npz,runs\phase10_margin_aware_boundary_band_seed123_40e\evaluation_test\test_batch_0002\summary.json,2,1,test,location1,r200y_p0.5_d3h,12,12,12,mass_preserving,location1|r200y_p0.5_d3h|12,reliable,0.19036871592203775,reliable,,,prediction,target,0.05,1.9618059396743774,2.382540225982666,0.4207342863082886,0.0,0.05156404057938049,0.01761421140735586,0.05068457571147638,0.024555426537071857
seed123|batch3|sample0|location1|r300y_p0.6_d3h|0,seed123,phase10_margin_aware_boundary_band_seed123_40e,runs\phase10_margin_aware_boundary_band_seed123_40e,runs\phase10_margin_aware_boundary_band_seed123_40e\evaluation_test\test_batch_0003\forecast_maps.npz,runs\phase10_margin_aware_boundary_band_seed123_40e\evaluation_test\test_batch_0003\summary.json,3,0,test,location1,r300y_p0.6_d3h,0,12,12,mass_preserving,location1|r300y_p0.6_d3h|0,reliable,2.0874659744909683,reliable,,,prediction,target,0.05,2.0679421424865723,2.5091068744659424,0.4411647319793701,0.0,0.06904457112900958,0.0289955277001816,0.19779251609113824,0.015480233969193628
seed123|batch3|sample1|location1|r300y_p0.6_d3h|6,seed123,phase10_margin_aware_boundary_band_seed123_40e,runs\phase10_margin_aware_boundary_band_seed123_40e,runs\phase10_margin_aware_boundary_band_seed123_40e\evaluation_test\test_batch_0003\forecast_maps.npz,runs\phase10_margin_aware_boundary_band_seed123_40e\evaluation_test\test_batch_0003\summary.json,3,1,test,location1,r300y_p0.6_d3h,6,12,12,mass_preserving,location1|r300y_p0.6_d3h|6,reliable,0.9651871969651323,reliable,,,prediction,target,0.05,2.0679421424865723,2.3786473274230957,0.31070518493652344,0.0,0.05629995221597095,0.021005234823885856,0.1175047369188165,0.01078846355273778
seed123|batch4|sample0|location1|r300y_p0.6_d3h|12,seed123,phase10_margin_aware_boundary_band_seed123_40e,runs\phase10_margin_aware_boundary_band_seed123_40e,runs\phase10_margin_aware_boundary_band_seed123_40e\evaluation_test\test_batch_0004\forecast_maps.npz,runs\phase10_margin_aware_boundary_band_seed123_40e\evaluation_test\test_batch_0004\summary.json,4,0,test,location1,r300y_p0.6_d3h,12,12,12,mass_preserving,location1|r300y_p0.6_d3h|12,reliable,0.621095085144043,reliable,,,prediction,target,0.05,2.012298345565796,2.3591012954711914,0.3468029499053955,0.0,0.05210371469701231,0.017613914642369544,0.06304301758847214,0.022032871047096152
seed123|batch4|sample1|location1|r300y_p0.8_d3h|0,seed123,phase10_margin_aware_boundary_band_seed123_40e,runs\phase10_margin_aware_boundary_band_seed123_40e,runs\phase10_margin_aware_boundary_band_seed123_40e\evaluation_test\test_batch_0004\forecast_maps.npz,runs\phase10_margin_aware_boundary_band_seed123_40e\evaluation_test\test_batch_0004\summary.json,4,1,test,location1,r300y_p0.8_d3h,0,12,12,mass_preserving,location1|r300y_p0.8_d3h|0,reliable,1.9011268845389218,reliable,,,prediction,target,0.05,2.071625232696533,2.3723866939544678,0.30076146125793457,0.0,0.0661039605409256,0.02694225400754052,0.2004162491328143,0.021047758562740583
seed123|batch5|sample0|location1|r300y_p0.8_d3h|6,seed123,phase10_margin_aware_boundary_band_seed123_40e,runs\phase10_margin_aware_boundary_band_seed123_40e,runs\phase10_margin_aware_boundary_band_seed123_40e\evaluation_test\test_batch_0005\forecast_maps.npz,runs\phase10_margin_aware_boundary_band_seed123_40e\evaluation_test\test_batch_0005\summary.json,5,0,test,location1,r300y_p0.8_d3h,6,12,12,mass_preserving,location1|r300y_p0.8_d3h|6,reliable,1.524861540874766,reliable,,,prediction,target,0.05,2.071625232696533,2.5820722579956055,0.5104470252990723,0.0,0.07171130420903901,0.027260363188576057,0.14966137448651048,0.017175239755884916
seed123|batch5|sample1|location1|r300y_p0.8_d3h|12,seed123,phase10_margin_aware_boundary_band_seed123_40e,runs\phase10_margin_aware_boundary_band_seed123_40e,runs\phase10_margin_aware_boundary_band_seed123_40e\evaluation_test\test_batch_0005\forecast_maps.npz,runs\phase10_margin_aware_boundary_band_seed123_40e\evaluation_test\test_batch_0005\summary.json,5,1,test,location1,r300y_p0.8_d3h,12,12,12,mass_preserving,location1|r300y_p0.8_d3h|12,reliable,0.6536856333414713,reliable,,,prediction,target,0.05,2.0355610847473145,2.4148635864257812,0.3793025016784668,0.0,0.05626686176297182,0.019665659752034215,0.06955638333897732,0.02266007493506027
seed123|batch6|sample0|location2|r100y_p0.5_d3h|0,seed123,phase10_margin_aware_boundary_band_seed123_40e,runs\phase10_margin_aware_boundary_band_seed123_40e,runs\phase10_margin_aware_boundary_band_seed123_40e\evaluation_test\test_batch_0006\forecast_maps.npz,runs\phase10_margin_aware_boundary_band_seed123_40e\evaluation_test\test_batch_0006\summary.json,6,0,test,location2,r100y_p0.5_d3h,0,12,12,mass_preserving,location2|r100y_p0.5_d3h|0,caution,4.875056307873177,caution,,,prediction,target,0.05,2.62091064453125,1.4583251476287842,-1.1625854969024658,1.1625854969024658,0.079586440459128,0.01672138365622639,0.4245402218166503,0.005022976277952644
seed123|batch6|sample1|location2|r100y_p0.5_d3h|6,seed123,phase10_margin_aware_boundary_band_seed123_40e,runs\phase10_margin_aware_boundary_band_seed123_40e,runs\phase10_margin_aware_boundary_band_seed123_40e\evaluation_test\test_batch_0006\forecast_maps.npz,runs\phase10_margin_aware_boundary_band_seed123_40e\evaluation_test\test_batch_0006\summary.json,6,1,test,location2,r100y_p0.5_d3h,6,12,12,mass_preserving,location2|r100y_p0.5_d3h|6,reliable,2.1906860995516206,reliable,,,prediction,target,0.05,1.6813663244247437,1.162208080291748,-0.5191582441329956,0.5191582441329956,0.043253610828300836,0.009010502877592386,0.2789345735123137,0.0053647667341715334
seed123|batch7|sample0|location2|r100y_p0.5_d3h|12,seed123,phase10_margin_aware_boundary_band_seed123_40e,runs\phase10_margin_aware_boundary_band_seed123_40e,runs\phase10_margin_aware_boundary_band_seed123_40e\evaluation_test\test_batch_0007\forecast_maps.npz,runs\phase10_margin_aware_boundary_band_seed123_40e\evaluation_test\test_batch_0007\summary.json,7,0,test,location2,r100y_p0.5_d3h,12,12,12,mass_preserving,location2|r100y_p0.5_d3h|12,reliable,1.505871785693065,reliable,,,prediction,target,0.05,0.9571658968925476,1.1105873584747314,0.15342146158218384,0.0,0.030645056566076728,0.007208740628210669,0.2637445398403374,0.007785480788970832
seed123|batch7|sample1|location2|r200y_p0.5_d3h|0,seed123,phase10_margin_aware_boundary_band_seed123_40e,runs\phase10_margin_aware_boundary_band_seed123_40e,runs\phase10_margin_aware_boundary_band_seed123_40e\evaluation_test\test_batch_0007\forecast_maps.npz,runs\phase10_margin_aware_boundary_band_seed123_40e\evaluation_test\test_batch_0007\summary.json,7,1,test,location2,r200y_p0.5_d3h,0,12,12,mass_preserving,location2|r200y_p0.5_d3h|0,high-risk,5.706091864202834,high-risk,,,prediction,target,0.05,2.6825506687164307,1.3884646892547607,-1.29408597946167,1.29408597946167,0.08587353609555318,0.01834770126241836,0.47732774978734543,0.0025975458430994073
seed123|batch8|sample0|location2|r200y_p0.5_d3h|6,seed123,phase10_margin_aware_boundary_band_seed123_40e,runs\phase10_margin_aware_boundary_band_seed123_40e,runs\phase10_margin_aware_boundary_band_seed123_40e\evaluation_test\test_batch_0008\forecast_maps.npz,runs\phase10_margin_aware_boundary_band_seed123_40e\evaluation_test\test_batch_0008\summary.json,8,0,test,location2,r200y_p0.5_d3h,6,12,12,mass_preserving,location2|r200y_p0.5_d3h|6,caution,2.6090016171739077,caution,,,prediction,target,0.05,1.7939974069595337,1.1890647411346436,-0.6049326658248901,0.6049326658248901,0.05069166302689453,0.010576471372156011,0.29026361362324415,0.003845038504086696
seed123|batch8|sample1|location2|r200y_p0.5_d3h|12,seed123,phase10_margin_aware_boundary_band_seed123_40e,runs\phase10_margin_aware_boundary_band_seed123_40e,runs\phase10_margin_aware_boundary_band_seed123_40e\evaluation_test\test_batch_0008\forecast_maps.npz,runs\phase10_margin_aware_boundary_band_seed123_40e\evaluation_test\test_batch_0008\summary.json,8,1,test,location2,r200y_p0.5_d3h,12,12,12,mass_preserving,location2|r200y_p0.5_d3h|12,reliable,1.5345347097721476,reliable,,,prediction,target,0.05,1.1040637493133545,1.1500685214996338,0.0460047721862793,0.0,0.037754275398033006,0.008278366166474142,0.26341723265414835,0.006499241138239758
seed123|batch9|sample0|location2|r300y_p0.6_d3h|0,seed123,phase10_margin_aware_boundary_band_seed123_40e,runs\phase10_margin_aware_boundary_band_seed123_40e,runs\phase10_margin_aware_boundary_band_seed123_40e\evaluation_test\test_batch_0009\forecast_maps.npz,runs\phase10_margin_aware_boundary_band_seed123_40e\evaluation_test\test_batch_0009\summary.json,9,0,test,location2,r300y_p0.6_d3h,0,12,12,mass_preserving,location2|r300y_p0.6_d3h|0,high-risk,8.063778048536216,high-risk,,,prediction,target,0.05,2.7899465560913086,1.4618170261383057,-1.328129529953003,1.328129529953003,0.10093450479467551,0.022313457255980246,0.484285056412618,0.004039367091432525
seed123|batch9|sample1|location2|r300y_p0.6_d3h|6,seed123,phase10_margin_aware_boundary_band_seed123_40e,runs\phase10_margin_aware_boundary_band_seed123_40e,runs\phase10_margin_aware_boundary_band_seed123_40e\evaluation_test\test_batch_0009\forecast_maps.npz,runs\phase10_margin_aware_boundary_band_seed123_40e\evaluation_test\test_batch_0009\summary.json,9,1,test,location2,r300y_p0.6_d3h,6,12,12,mass_preserving,location2|r300y_p0.6_d3h|6,caution,3.8519024533100814,caution,caution,Selected as a representative caution-labeled case closest to the caution risk midpoint with stable tie-breaks.,prediction,target,0.05,2.03947114944458,1.6559131145477295,-0.3835580348968506,0.3835580348968506,0.06256762973565155,0.014091391326733432,0.2462679896308215,0.013666197464149153
seed123|batch10|sample0|location2|r300y_p0.6_d3h|12,seed123,phase10_margin_aware_boundary_band_seed123_40e,runs\phase10_margin_aware_boundary_band_seed123_40e,runs\phase10_margin_aware_boundary_band_seed123_40e\evaluation_test\test_batch_0010\forecast_maps.npz,runs\phase10_margin_aware_boundary_band_seed123_40e\evaluation_test\test_batch_0010\summary.json,10,0,test,location2,r300y_p0.6_d3h,12,12,12,mass_preserving,location2|r300y_p0.6_d3h|12,caution,3.233023843186218,caution,,,prediction,target,0.05,1.178109884262085,1.3149914741516113,0.13688158988952637,0.0,0.043169311097277854,0.009521715371541742,0.21534352998300557,0.01055369751021925
seed123|batch10|sample1|location2|r300y_p0.6_d3h|18,seed123,phase10_margin_aware_boundary_band_seed123_40e,runs\phase10_margin_aware_boundary_band_seed123_40e,runs\phase10_margin_aware_boundary_band_seed123_40e\evaluation_test\test_batch_0010\forecast_maps.npz,runs\phase10_margin_aware_boundary_band_seed123_40e\evaluation_test\test_batch_0010\summary.json,10,1,test,location2,r300y_p0.6_d3h,18,12,12,mass_preserving,location2|r300y_p0.6_d3h|18,caution,3.393198537664933,caution,,,prediction,target,0.05,1.0229902267456055,1.1544888019561768,0.1314985752105713,0.0,0.031348593428718596,0.0063211890522373625,0.23810257200061605,0.005065355179759619
seed123|batch11|sample0|location2|r300y_p0.6_d3h|24,seed123,phase10_margin_aware_boundary_band_seed123_40e,runs\phase10_margin_aware_boundary_band_seed123_40e,runs\phase10_margin_aware_boundary_band_seed123_40e\evaluation_test\test_batch_0011\forecast_maps.npz,runs\phase10_margin_aware_boundary_band_seed123_40e\evaluation_test\test_batch_0011\summary.json,11,0,test,location2,r300y_p0.6_d3h,24,12,12,mass_preserving,location2|r300y_p0.6_d3h|24,caution,3.3117061219129367,caution,,,prediction,target,0.05,0.9036679267883301,1.0677762031555176,0.1641082763671875,0.0,0.025017700927651737,0.005604015968660563,0.2343942324599965,0.0038654731538175476
seed123|batch11|sample1|location2|r300y_p0.8_d3h|0,seed123,phase10_margin_aware_boundary_band_seed123_40e,runs\phase10_margin_aware_boundary_band_seed123_40e,runs\phase10_margin_aware_boundary_band_seed123_40e\evaluation_test\test_batch_0011\forecast_maps.npz,runs\phase10_margin_aware_boundary_band_seed123_40e\evaluation_test\test_batch_0011\summary.json,11,1,test,location2,r300y_p0.8_d3h,0,12,12,mass_preserving,location2|r300y_p0.8_d3h|0,high-risk,8.73513925840442,high-risk,high-risk,"Selected as a high-risk case, prioritizing Phase-13-like location2+r300y evidence and then stronger risk evidence.",prediction,target,0.05,2.8395590782165527,1.3124234676361084,-1.5271356105804443,1.5271356105804443,0.0970282462315086,0.021595283791636704,0.5846616876602385,0.0036156851331534817
seed123|batch12|sample0|location2|r300y_p0.8_d3h|6,seed123,phase10_margin_aware_boundary_band_seed123_40e,runs\phase10_margin_aware_boundary_band_seed123_40e,runs\phase10_margin_aware_boundary_band_seed123_40e\evaluation_test\test_batch_0012\forecast_maps.npz,runs\phase10_margin_aware_boundary_band_seed123_40e\evaluation_test\test_batch_0012\summary.json,12,0,test,location2,r300y_p0.8_d3h,6,12,12,mass_preserving,location2|r300y_p0.8_d3h|6,high-risk,6.4048322225375305,high-risk,,,prediction,target,0.05,2.4863128662109375,1.4905707836151123,-0.9957420825958252,0.9957420825958252,0.07299738591263104,0.014900515445125847,0.4082875264270613,0.004951754219814594
seed123|batch12|sample1|location2|r300y_p0.8_d3h|12,seed123,phase10_margin_aware_boundary_band_seed123_40e,runs\phase10_margin_aware_boundary_band_seed123_40e,runs\phase10_margin_aware_boundary_band_seed123_40e\evaluation_test\test_batch_0012\forecast_maps.npz,runs\phase10_margin_aware_boundary_band_seed123_40e\evaluation_test\test_batch_0012\summary.json,12,1,test,location2,r300y_p0.8_d3h,12,12,12,mass_preserving,location2|r300y_p0.8_d3h|12,caution,3.48738920559396,caution,,,prediction,target,0.05,1.1866930723190308,1.2784371376037598,0.091744065284729,0.0,0.04214400012152972,0.00916971606858199,0.2520123106060606,0.005665391156462585
seed123|batch13|sample0|location3|r100y_p0.5_d3h|0,seed123,phase10_margin_aware_boundary_band_seed123_40e,runs\phase10_margin_aware_boundary_band_seed123_40e,runs\phase10_margin_aware_boundary_band_seed123_40e\evaluation_test\test_batch_0013\forecast_maps.npz,runs\phase10_margin_aware_boundary_band_seed123_40e\evaluation_test\test_batch_0013\summary.json,13,0,test,location3,r100y_p0.5_d3h,0,12,12,mass_preserving,location3|r100y_p0.5_d3h|0,reliable,1.1353644409186099,reliable,,,prediction,target,0.05,1.866689920425415,2.3132736682891846,0.44658374786376953,0.0,0.06397034631644113,0.024251907013147885,0.18233063085006437,0.02488249766186729
seed123|batch13|sample1|location3|r100y_p0.5_d3h|6,seed123,phase10_margin_aware_boundary_band_seed123_40e,runs\phase10_margin_aware_boundary_band_seed123_40e,runs\phase10_margin_aware_boundary_band_seed123_40e\evaluation_test\test_batch_0013\forecast_maps.npz,runs\phase10_margin_aware_boundary_band_seed123_40e\evaluation_test\test_batch_0013\summary.json,13,1,test,location3,r100y_p0.5_d3h,6,12,12,mass_preserving,location3|r100y_p0.5_d3h|6,reliable,0.23370692071096733,reliable,,,prediction,target,0.05,1.866689920425415,2.229633092880249,0.362943172454834,0.0,0.05791106543125183,0.01927918442400104,0.109152288072018,0.017072775093561355
seed123|batch14|sample0|location3|r100y_p0.5_d3h|12,seed123,phase10_margin_aware_boundary_band_seed123_40e,runs\phase10_margin_aware_boundary_band_seed123_40e,runs\phase10_margin_aware_boundary_band_seed123_40e\evaluation_test\test_batch_0014\forecast_maps.npz,runs\phase10_margin_aware_boundary_band_seed123_40e\evaluation_test\test_batch_0014\summary.json,14,0,test,location3,r100y_p0.5_d3h,12,12,12,mass_preserving,location3|r100y_p0.5_d3h|12,reliable,0.191398286819458,reliable,,,prediction,target,0.05,1.7803488969802856,2.230635166168213,0.45028626918792725,0.0,0.05815413677120377,0.01919315083373107,0.08076065822544695,0.023062767418143698
seed123|batch14|sample1|location3|r200y_p0.5_d3h|0,seed123,phase10_margin_aware_boundary_band_seed123_40e,runs\phase10_margin_aware_boundary_band_seed123_40e,runs\phase10_margin_aware_boundary_band_seed123_40e\evaluation_test\test_batch_0014\forecast_maps.npz,runs\phase10_margin_aware_boundary_band_seed123_40e\evaluation_test\test_batch_0014\summary.json,14,1,test,location3,r200y_p0.5_d3h,0,12,12,mass_preserving,location3|r200y_p0.5_d3h|0,reliable,1.4346567777441823,reliable,,,prediction,target,0.05,1.9122755527496338,2.3243467807769775,0.41207122802734375,0.0,0.06673784793422391,0.024966371084100627,0.2092311741290259,0.01753193230291617
seed123|batch15|sample0|location3|r200y_p0.5_d3h|6,seed123,phase10_margin_aware_boundary_band_seed123_40e,runs\phase10_margin_aware_boundary_band_seed123_40e,runs\phase10_margin_aware_boundary_band_seed123_40e\evaluation_test\test_batch_0015\forecast_maps.npz,runs\phase10_margin_aware_boundary_band_seed123_40e\evaluation_test\test_batch_0015\summary.json,15,0,test,location3,r200y_p0.5_d3h,6,12,12,mass_preserving,location3|r200y_p0.5_d3h|6,reliable,0.368498985219633,reliable,,,prediction,target,0.05,1.9122755527496338,2.2276358604431152,0.31536030769348145,0.0,0.05911008845331349,0.019816908583650972,0.11831186279933613,0.012889516759874374
seed123|batch15|sample1|location3|r200y_p0.5_d3h|12,seed123,phase10_margin_aware_boundary_band_seed123_40e,runs\phase10_margin_aware_boundary_band_seed123_40e,runs\phase10_margin_aware_boundary_band_seed123_40e\evaluation_test\test_batch_0015\forecast_maps.npz,runs\phase10_margin_aware_boundary_band_seed123_40e\evaluation_test\test_batch_0015\summary.json,15,1,test,location3,r200y_p0.5_d3h,12,12,12,mass_preserving,location3|r200y_p0.5_d3h|12,reliable,0.19468886057535806,reliable,,,prediction,target,0.05,1.820621371269226,2.231203556060791,0.41058218479156494,0.0,0.058282054296242565,0.019305272785204598,0.0838428340226578,0.01863916863572756
seed123|batch16|sample0|location3|r300y_p0.6_d3h|0,seed123,phase10_margin_aware_boundary_band_seed123_40e,runs\phase10_margin_aware_boundary_band_seed123_40e,runs\phase10_margin_aware_boundary_band_seed123_40e\evaluation_test\test_batch_0016\forecast_maps.npz,runs\phase10_margin_aware_boundary_band_seed123_40e\evaluation_test\test_batch_0016\summary.json,16,0,test,location3,r300y_p0.6_d3h,0,12,12,mass_preserving,location3|r300y_p0.6_d3h|0,caution,2.5714470294240046,caution,,,prediction,target,0.05,1.9415950775146484,2.3302791118621826,0.3886840343475342,0.0,0.07486547136367584,0.02843884293698046,0.25696489936180655,0.01887620719929763
seed123|batch16|sample1|location3|r300y_p0.6_d3h|6,seed123,phase10_margin_aware_boundary_band_seed123_40e,runs\phase10_margin_aware_boundary_band_seed123_40e,runs\phase10_margin_aware_boundary_band_seed123_40e\evaluation_test\test_batch_0016\forecast_maps.npz,runs\phase10_margin_aware_boundary_band_seed123_40e\evaluation_test\test_batch_0016\summary.json,16,1,test,location3,r300y_p0.6_d3h,6,12,12,mass_preserving,location3|r300y_p0.6_d3h|6,reliable,1.0564304543847196,reliable,,,prediction,target,0.05,1.9415950775146484,2.284170150756836,0.3425750732421875,0.0,0.06496638304401411,0.02196384522748573,0.12948351438917477,0.01092896174863388
seed123|batch17|sample0|location3|r300y_p0.6_d3h|12,seed123,phase10_margin_aware_boundary_band_seed123_40e,runs\phase10_margin_aware_boundary_band_seed123_40e,runs\phase10_margin_aware_boundary_band_seed123_40e\evaluation_test\test_batch_0017\forecast_maps.npz,runs\phase10_margin_aware_boundary_band_seed123_40e\evaluation_test\test_batch_0017\summary.json,17,0,test,location3,r300y_p0.6_d3h,12,12,12,mass_preserving,location3|r300y_p0.6_d3h|12,reliable,0.6462223370869955,reliable,,,prediction,target,0.05,1.8407260179519653,2.2291817665100098,0.38845574855804443,0.0,0.05897900221485627,0.019083554332642538,0.0914205958040738,0.015056338920204283
seed123|batch17|sample1|location3|r300y_p0.8_d3h|0,seed123,phase10_margin_aware_boundary_band_seed123_40e,runs\phase10_margin_aware_boundary_band_seed123_40e,runs\phase10_margin_aware_boundary_band_seed123_40e\evaluation_test\test_batch_0017\forecast_maps.npz,runs\phase10_margin_aware_boundary_band_seed123_40e\evaluation_test\test_batch_0017\summary.json,17,1,test,location3,r300y_p0.8_d3h,0,12,12,mass_preserving,location3|r300y_p0.8_d3h|0,caution,2.5654196492034465,caution,,,prediction,target,0.05,1.9666359424591064,2.2604427337646484,0.293806791305542,0.0,0.07023173320132117,0.02627487399024461,0.2774114774114774,0.017711537522581904
seed123|batch18|sample0|location3|r300y_p0.8_d3h|6,seed123,phase10_margin_aware_boundary_band_seed123_40e,runs\phase10_margin_aware_boundary_band_seed123_40e,runs\phase10_margin_aware_boundary_band_seed123_40e\evaluation_test\test_batch_0018\forecast_maps.npz,runs\phase10_margin_aware_boundary_band_seed123_40e\evaluation_test\test_batch_0018\summary.json,18,0,test,location3,r300y_p0.8_d3h,6,12,12,mass_preserving,location3|r300y_p0.8_d3h|6,reliable,1.5198120550530954,reliable,,,prediction,target,0.05,1.9666359424591064,2.3668665885925293,0.40023064613342285,0.0,0.07985419168513969,0.02651330706808144,0.15493270226297884,0.016394989502488737
seed123|batch18|sample1|location3|r300y_p0.8_d3h|12,seed123,phase10_margin_aware_boundary_band_seed123_40e,runs\phase10_margin_aware_boundary_band_seed123_40e,runs\phase10_margin_aware_boundary_band_seed123_40e\evaluation_test\test_batch_0018\forecast_maps.npz,runs\phase10_margin_aware_boundary_band_seed123_40e\evaluation_test\test_batch_0018\summary.json,18,1,test,location3,r300y_p0.8_d3h,12,12,12,mass_preserving,location3|r300y_p0.8_d3h|12,reliable,0.7537481625874838,reliable,,,prediction,target,0.05,1.8554701805114746,2.30380916595459,0.44833898544311523,0.0,0.06411899387230709,0.02124638930415806,0.08363073483252353,0.01691366072304169
seed202|batch0|sample0|location1|r100y_p0.5_d3h|0,seed202,phase10_margin_aware_boundary_band_seed202_40e,runs\phase10_margin_aware_boundary_band_seed202_40e,runs\phase10_margin_aware_boundary_band_seed202_40e\evaluation_test\test_batch_0000\forecast_maps.npz,runs\phase10_margin_aware_boundary_band_seed202_40e\evaluation_test\test_batch_0000\summary.json,0,0,test,location1,r100y_p0.5_d3h,0,12,12,mass_preserving,location1|r100y_p0.5_d3h|0,reliable,0.19642134443285145,reliable,,,prediction,target,0.05,1.9651845693588257,2.168839693069458,0.20365512371063232,0.0,0.0422752124338754,0.017392354992876367,0.09095570969744407,0.018294402627274265
seed202|batch0|sample1|location1|r100y_p0.5_d3h|6,seed202,phase10_margin_aware_boundary_band_seed202_40e,runs\phase10_margin_aware_boundary_band_seed202_40e,runs\phase10_margin_aware_boundary_band_seed202_40e\evaluation_test\test_batch_0000\forecast_maps.npz,runs\phase10_margin_aware_boundary_band_seed202_40e\evaluation_test\test_batch_0000\summary.json,0,1,test,location1,r100y_p0.5_d3h,6,12,12,mass_preserving,location1|r100y_p0.5_d3h|6,reliable,0.1870829239381681,reliable,reliable,"Selected as the lowest-risk reliable-labeled case using risk score, false-dry, boundary, RMSE, and stable identity tie-breaks.",prediction,target,0.05,1.9651845693588257,2.137451648712158,0.17226707935333252,0.0,0.03600929261968064,0.014114644364379087,0.08050739418663946,0.011886317420354411
seed202|batch1|sample0|location1|r100y_p0.5_d3h|12,seed202,phase10_margin_aware_boundary_band_seed202_40e,runs\phase10_margin_aware_boundary_band_seed202_40e,runs\phase10_margin_aware_boundary_band_seed202_40e\evaluation_test\test_batch_0001\forecast_maps.npz,runs\phase10_margin_aware_boundary_band_seed202_40e\evaluation_test\test_batch_0001\summary.json,1,0,test,location1,r100y_p0.5_d3h,12,12,12,mass_preserving,location1|r100y_p0.5_d3h|12,reliable,0.14922688802083334,reliable,,,prediction,target,0.05,1.9066872596740723,2.105041265487671,0.19835400581359863,0.0,0.0372337994535353,0.014252218301437214,0.016495005033686984,0.026981766228291036
seed202|batch1|sample1|location1|r200y_p0.5_d3h|0,seed202,phase10_margin_aware_boundary_band_seed202_40e,runs\phase10_margin_aware_boundary_band_seed202_40e,runs\phase10_margin_aware_boundary_band_seed202_40e\evaluation_test\test_batch_0001\forecast_maps.npz,runs\phase10_margin_aware_boundary_band_seed202_40e\evaluation_test\test_batch_0001\summary.json,1,1,test,location1,r200y_p0.5_d3h,0,12,12,mass_preserving,location1|r200y_p0.5_d3h|0,reliable,0.4845211996725709,reliable,,,prediction,target,0.05,2.024629592895508,2.1776440143585205,0.1530144214630127,0.0,0.045008715259499746,0.018106546439760663,0.10754560099776542,0.01040335943132518
seed202|batch2|sample0|location1|r200y_p0.5_d3h|6,seed202,phase10_margin_aware_boundary_band_seed202_40e,runs\phase10_margin_aware_boundary_band_seed202_40e,runs\phase10_margin_aware_boundary_band_seed202_40e\evaluation_test\test_batch_0002\forecast_maps.npz,runs\phase10_margin_aware_boundary_band_seed202_40e\evaluation_test\test_batch_0002\summary.json,2,0,test,location1,r200y_p0.5_d3h,6,12,12,mass_preserving,location1|r200y_p0.5_d3h|6,reliable,0.27564392547906535,reliable,,,prediction,target,0.05,2.024629592895508,2.1470229625701904,0.12239336967468262,0.0,0.039720135920163324,0.015543395091469491,0.08853192728610404,0.00910438022526176
seed202|batch2|sample1|location1|r200y_p0.5_d3h|12,seed202,phase10_margin_aware_boundary_band_seed202_40e,runs\phase10_margin_aware_boundary_band_seed202_40e,runs\phase10_margin_aware_boundary_band_seed202_40e\evaluation_test\test_batch_0002\forecast_maps.npz,runs\phase10_margin_aware_boundary_band_seed202_40e\evaluation_test\test_batch_0002\summary.json,2,1,test,location1,r200y_p0.5_d3h,12,12,12,mass_preserving,location1|r200y_p0.5_d3h|12,reliable,0.12521368662516275,reliable,,,prediction,target,0.05,1.9618059396743774,2.1143455505371094,0.15253961086273193,0.0,0.03674957808091455,0.01397295261428825,0.020741345404623204,0.023264586783922857
seed202|batch3|sample0|location1|r300y_p0.6_d3h|0,seed202,phase10_margin_aware_boundary_band_seed202_40e,runs\phase10_margin_aware_boundary_band_seed202_40e,runs\phase10_margin_aware_boundary_band_seed202_40e\evaluation_test\test_batch_0003\forecast_maps.npz,runs\phase10_margin_aware_boundary_band_seed202_40e\evaluation_test\test_batch_0003\summary.json,3,0,test,location1,r300y_p0.6_d3h,0,12,12,mass_preserving,location1|r300y_p0.6_d3h|0,reliable,1.5379917599613981,reliable,,,prediction,target,0.05,2.0679421424865723,2.1838598251342773,0.11591768264770508,0.0,0.05478690803576916,0.023303731801379363,0.14659455226254864,0.015114255812310991
seed202|batch3|sample1|location1|r300y_p0.6_d3h|6,seed202,phase10_margin_aware_boundary_band_seed202_40e,runs\phase10_margin_aware_boundary_band_seed202_40e,runs\phase10_margin_aware_boundary_band_seed202_40e\evaluation_test\test_batch_0003\forecast_maps.npz,runs\phase10_margin_aware_boundary_band_seed202_40e\evaluation_test\test_batch_0003\summary.json,3,1,test,location1,r300y_p0.6_d3h,6,12,12,mass_preserving,location1|r300y_p0.6_d3h|6,reliable,0.6807047604306502,reliable,,,prediction,target,0.05,2.0679421424865723,2.1692850589752197,0.10134291648864746,0.0,0.0412474554891622,0.016092805370757215,0.07007724821454599,0.011306014060122117
seed202|batch4|sample0|location1|r300y_p0.6_d3h|12,seed202,phase10_margin_aware_boundary_band_seed202_40e,runs\phase10_margin_aware_boundary_band_seed202_40e,runs\phase10_margin_aware_boundary_band_seed202_40e\evaluation_test\test_batch_0004\forecast_maps.npz,runs\phase10_margin_aware_boundary_band_seed202_40e\evaluation_test\test_batch_0004\summary.json,4,0,test,location1,r300y_p0.6_d3h,12,12,12,mass_preserving,location1|r300y_p0.6_d3h|12,reliable,0.5772514979044597,reliable,,,prediction,target,0.05,2.012298345565796,2.1455078125,0.1332094669342041,0.0,0.03521795312630318,0.013260280348772864,0.03786112877021968,0.015502632298239985
seed202|batch4|sample1|location1|r300y_p0.8_d3h|0,seed202,phase10_margin_aware_boundary_band_seed202_40e,runs\phase10_margin_aware_boundary_band_seed202_40e,runs\phase10_margin_aware_boundary_band_seed202_40e\evaluation_test\test_batch_0004\forecast_maps.npz,runs\phase10_margin_aware_boundary_band_seed202_40e\evaluation_test\test_batch_0004\summary.json,4,1,test,location1,r300y_p0.8_d3h,0,12,12,mass_preserving,location1|r300y_p0.8_d3h|0,reliable,1.3014636515269975,reliable,,,prediction,target,0.05,2.071625232696533,2.196333646774292,0.12470841407775879,0.0,0.053597542524492454,0.022557481164740798,0.14617538991238213,0.02403465048291257
seed202|batch5|sample0|location1|r300y_p0.8_d3h|6,seed202,phase10_margin_aware_boundary_band_seed202_40e,runs\phase10_margin_aware_boundary_band_seed202_40e,runs\phase10_margin_aware_boundary_band_seed202_40e\evaluation_test\test_batch_0005\forecast_maps.npz,runs\phase10_margin_aware_boundary_band_seed202_40e\evaluation_test\test_batch_0005\summary.json,5,0,test,location1,r300y_p0.8_d3h,6,12,12,mass_preserving,location1|r300y_p0.8_d3h|6,reliable,1.0019370992060357,reliable,,,prediction,target,0.05,2.071625232696533,2.2057716846466064,0.13414645195007324,0.0,0.05476989157873864,0.022634099747567308,0.09831242367047852,0.020083447502802342
seed202|batch5|sample1|location1|r300y_p0.8_d3h|12,seed202,phase10_margin_aware_boundary_band_seed202_40e,runs\phase10_margin_aware_boundary_band_seed202_40e,runs\phase10_margin_aware_boundary_band_seed202_40e\evaluation_test\test_batch_0005\forecast_maps.npz,runs\phase10_margin_aware_boundary_band_seed202_40e\evaluation_test\test_batch_0005\summary.json,5,1,test,location1,r300y_p0.8_d3h,12,12,12,mass_preserving,location1|r300y_p0.8_d3h|12,reliable,0.5899547576904297,reliable,,,prediction,target,0.05,2.0355610847473145,2.176516532897949,0.14095544815063477,0.0,0.03893938527729689,0.014480276194445087,0.03816457839485269,0.021696453153616874
seed202|batch6|sample0|location2|r100y_p0.5_d3h|0,seed202,phase10_margin_aware_boundary_band_seed202_40e,runs\phase10_margin_aware_boundary_band_seed202_40e,runs\phase10_margin_aware_boundary_band_seed202_40e\evaluation_test\test_batch_0006\forecast_maps.npz,runs\phase10_margin_aware_boundary_band_seed202_40e\evaluation_test\test_batch_0006\summary.json,6,0,test,location2,r100y_p0.5_d3h,0,12,12,mass_preserving,location2|r100y_p0.5_d3h|0,caution,4.250443177854044,caution,,,prediction,target,0.05,2.62091064453125,1.3134779930114746,-1.3074326515197754,1.3074326515197754,0.07240251836987985,0.0139251474152089,0.34009546539379476,0.003833035391145085
seed202|batch6|sample1|location2|r100y_p0.5_d3h|6,seed202,phase10_margin_aware_boundary_band_seed202_40e,runs\phase10_margin_aware_boundary_band_seed202_40e,runs\phase10_margin_aware_boundary_band_seed202_40e\evaluation_test\test_batch_0006\forecast_maps.npz,runs\phase10_margin_aware_boundary_band_seed202_40e\evaluation_test\test_batch_0006\summary.json,6,1,test,location2,r100y_p0.5_d3h,6,12,12,mass_preserving,location2|r100y_p0.5_d3h|6,reliable,1.4299283901843416,reliable,,,prediction,target,0.05,1.6813663244247437,1.2643687725067139,-0.4169975519180298,0.4169975519180298,0.03262701989390328,0.007199646446114659,0.2068491702779833,0.0037190016404217005
seed202|batch7|sample0|location2|r100y_p0.5_d3h|12,seed202,phase10_margin_aware_boundary_band_seed202_40e,runs\phase10_margin_aware_boundary_band_seed202_40e,runs\phase10_margin_aware_boundary_band_seed202_40e\evaluation_test\test_batch_0007\forecast_maps.npz,runs\phase10_margin_aware_boundary_band_seed202_40e\evaluation_test\test_batch_0007\summary.json,7,0,test,location2,r100y_p0.5_d3h,12,12,12,mass_preserving,location2|r100y_p0.5_d3h|12,reliable,0.7779875505990581,reliable,,,prediction,target,0.05,0.9571658968925476,1.201628565788269,0.24446266889572144,0.0,0.022738359856269187,0.005424767891845687,0.14972134357583974,0.004863951486821534
seed202|batch7|sample1|location2|r200y_p0.5_d3h|0,seed202,phase10_margin_aware_boundary_band_seed202_40e,runs\phase10_margin_aware_boundary_band_seed202_40e,runs\phase10_margin_aware_boundary_band_seed202_40e\evaluation_test\test_batch_0007\forecast_maps.npz,runs\phase10_margin_aware_boundary_band_seed202_40e\evaluation_test\test_batch_0007\summary.json,7,1,test,location2,r200y_p0.5_d3h,0,12,12,mass_preserving,location2|r200y_p0.5_d3h|0,high-risk,5.020210754489117,high-risk,,,prediction,target,0.05,2.6825506687164307,1.2963391542434692,-1.3862115144729614,1.3862115144729614,0.0797045544135748,0.015996327639560964,0.40227703984819735,0.0018254515372949124
seed202|batch8|sample0|location2|r200y_p0.5_d3h|6,seed202,phase10_margin_aware_boundary_band_seed202_40e,runs\phase10_margin_aware_boundary_band_seed202_40e,runs\phase10_margin_aware_boundary_band_seed202_40e\evaluation_test\test_batch_0008\forecast_maps.npz,runs\phase10_margin_aware_boundary_band_seed202_40e\evaluation_test\test_batch_0008\summary.json,8,0,test,location2,r200y_p0.5_d3h,6,12,12,mass_preserving,location2|r200y_p0.5_d3h|6,reliable,1.8378865446166925,reliable,,,prediction,target,0.05,1.7939974069595337,1.2886533737182617,-0.505344033241272,0.505344033241272,0.03966904282585057,0.008681459002483608,0.21945353088320185,0.0018849280934838412
seed202|batch8|sample1|location2|r200y_p0.5_d3h|12,seed202,phase10_margin_aware_boundary_band_seed202_40e,runs\phase10_margin_aware_boundary_band_seed202_40e,runs\phase10_margin_aware_boundary_band_seed202_40e\evaluation_test\test_batch_0008\forecast_maps.npz,runs\phase10_margin_aware_boundary_band_seed202_40e\evaluation_test\test_batch_0008\summary.json,8,1,test,location2,r200y_p0.5_d3h,12,12,12,mass_preserving,location2|r200y_p0.5_d3h|12,reliable,0.8728281819565638,reliable,,,prediction,target,0.05,1.1040637493133545,1.2340741157531738,0.13001036643981934,0.0,0.026786083841247785,0.005938948467404573,0.16020775069916102,0.0027128646899243253
seed202|batch9|sample0|location2|r300y_p0.6_d3h|0,seed202,phase10_margin_aware_boundary_band_seed202_40e,runs\phase10_margin_aware_boundary_band_seed202_40e,runs\phase10_margin_aware_boundary_band_seed202_40e\evaluation_test\test_batch_0009\forecast_maps.npz,runs\phase10_margin_aware_boundary_band_seed202_40e\evaluation_test\test_batch_0009\summary.json,9,0,test,location2,r300y_p0.6_d3h,0,12,12,mass_preserving,location2|r300y_p0.6_d3h|0,high-risk,6.15901133986023,high-risk,,,prediction,target,0.05,2.7899465560913086,1.3228778839111328,-1.4670686721801758,1.4670686721801758,0.08932868113352693,0.018518035638417734,0.3060672346304398,0.006421700997567453
seed202|batch9|sample1|location2|r300y_p0.6_d3h|6,seed202,phase10_margin_aware_boundary_band_seed202_40e,runs\phase10_margin_aware_boundary_band_seed202_40e,runs\phase10_margin_aware_boundary_band_seed202_40e\evaluation_test\test_batch_0009\forecast_maps.npz,runs\phase10_margin_aware_boundary_band_seed202_40e\evaluation_test\test_batch_0009\summary.json,9,1,test,location2,r300y_p0.6_d3h,6,12,12,mass_preserving,location2|r300y_p0.6_d3h|6,caution,3.435624277281394,caution,caution,Selected as a representative caution-labeled case closest to the caution risk midpoint with stable tie-breaks.,prediction,target,0.05,2.03947114944458,1.4335790872573853,-0.6058920621871948,0.6058920621871948,0.050101442072108315,0.011762188540059967,0.14123536247430052,0.012220837984910016
seed202|batch10|sample0|location2|r300y_p0.6_d3h|12,seed202,phase10_margin_aware_boundary_band_seed202_40e,runs\phase10_margin_aware_boundary_band_seed202_40e,runs\phase10_margin_aware_boundary_band_seed202_40e\evaluation_test\test_batch_0010\forecast_maps.npz,runs\phase10_margin_aware_boundary_band_seed202_40e\evaluation_test\test_batch_0010\summary.json,10,0,test,location2,r300y_p0.6_d3h,12,12,12,mass_preserving,location2|r300y_p0.6_d3h|12,caution,2.5,caution,,,prediction,target,0.05,1.178109884262085,1.3126428127288818,0.13453292846679688,0.0,0.028516471151646253,0.006948985456303856,0.09966011167759165,0.007586133673090195
seed202|batch10|sample1|location2|r300y_p0.6_d3h|18,seed202,phase10_margin_aware_boundary_band_seed202_40e,runs\phase10_margin_aware_boundary_band_seed202_40e,runs\phase10_margin_aware_boundary_band_seed202_40e\evaluation_test\test_batch_0010\forecast_maps.npz,runs\phase10_margin_aware_boundary_band_seed202_40e\evaluation_test\test_batch_0010\summary.json,10,1,test,location2,r300y_p0.6_d3h,18,12,12,mass_preserving,location2|r300y_p0.6_d3h|18,caution,2.5853568800588667,caution,,,prediction,target,0.05,1.0229902267456055,1.2367528676986694,0.21376264095306396,0.0,0.020971808097068053,0.005197762891554107,0.11920529801324503,0.006874786313547063
seed202|batch11|sample0|location2|r300y_p0.6_d3h|24,seed202,phase10_margin_aware_boundary_band_seed202_40e,runs\phase10_margin_aware_boundary_band_seed202_40e,runs\phase10_margin_aware_boundary_band_seed202_40e\evaluation_test\test_batch_0011\forecast_maps.npz,runs\phase10_margin_aware_boundary_band_seed202_40e\evaluation_test\test_batch_0011\summary.json,11,0,test,location2,r300y_p0.6_d3h,24,12,12,mass_preserving,location2|r300y_p0.6_d3h|24,caution,2.8927124587294206,caution,,,prediction,target,0.05,0.9036679267883301,1.0694687366485596,0.1658008098602295,0.0,0.021021984560149063,0.004706251125367382,0.17056444522595393,0.0040749838938618594
seed202|batch11|sample1|location2|r300y_p0.8_d3h|0,seed202,phase10_margin_aware_boundary_band_seed202_40e,runs\phase10_margin_aware_boundary_band_seed202_40e,runs\phase10_margin_aware_boundary_band_seed202_40e\evaluation_test\test_batch_0011\forecast_maps.npz,runs\phase10_margin_aware_boundary_band_seed202_40e\evaluation_test\test_batch_0011\summary.json,11,1,test,location2,r300y_p0.8_d3h,0,12,12,mass_preserving,location2|r300y_p0.8_d3h|0,high-risk,7.905763672331525,high-risk,high-risk,"Selected as a high-risk case, prioritizing Phase-13-like location2+r300y evidence and then stronger risk evidence.",prediction,target,0.05,2.8395590782165527,1.295573115348816,-1.5439859628677368,1.5439859628677368,0.0908053410546847,0.02004118453136652,0.49693456693791105,0.006520546718457905
seed202|batch12|sample0|location2|r300y_p0.8_d3h|6,seed202,phase10_margin_aware_boundary_band_seed202_40e,runs\phase10_margin_aware_boundary_band_seed202_40e,runs\phase10_margin_aware_boundary_band_seed202_40e\evaluation_test\test_batch_0012\forecast_maps.npz,runs\phase10_margin_aware_boundary_band_seed202_40e\evaluation_test\test_batch_0012\summary.json,12,0,test,location2,r300y_p0.8_d3h,6,12,12,mass_preserving,location2|r300y_p0.8_d3h|6,high-risk,5.347769967583529,high-risk,,,prediction,target,0.05,2.4863128662109375,1.3747451305389404,-1.111567735671997,1.111567735671997,0.062172302765353314,0.013194369309508375,0.2905708245243129,0.004789401622443623
seed202|batch12|sample1|location2|r300y_p0.8_d3h|12,seed202,phase10_margin_aware_boundary_band_seed202_40e,runs\phase10_margin_aware_boundary_band_seed202_40e,runs\phase10_margin_aware_boundary_band_seed202_40e\evaluation_test\test_batch_0012\forecast_maps.npz,runs\phase10_margin_aware_boundary_band_seed202_40e\evaluation_test\test_batch_0012\summary.json,12,1,test,location2,r300y_p0.8_d3h,12,12,12,mass_preserving,location2|r300y_p0.8_d3h|12,caution,2.729001013875304,caution,,,prediction,target,0.05,1.1866930723190308,1.281569004058838,0.09487593173980713,0.0,0.02871875596733357,0.006629640894643647,0.13660037878787878,0.003172831632653061
seed202|batch13|sample0|location3|r100y_p0.5_d3h|0,seed202,phase10_margin_aware_boundary_band_seed202_40e,runs\phase10_margin_aware_boundary_band_seed202_40e,runs\phase10_margin_aware_boundary_band_seed202_40e\evaluation_test\test_batch_0013\forecast_maps.npz,runs\phase10_margin_aware_boundary_band_seed202_40e\evaluation_test\test_batch_0013\summary.json,13,0,test,location3,r100y_p0.5_d3h,0,12,12,mass_preserving,location3|r100y_p0.5_d3h|0,reliable,0.554141865981026,reliable,,,prediction,target,0.05,1.866689920425415,1.9424673318862915,0.07577741146087646,0.0,0.04011815626580034,0.016284616459082323,0.12721389053202964,0.015863560276167726
seed202|batch13|sample1|location3|r100y_p0.5_d3h|6,seed202,phase10_margin_aware_boundary_band_seed202_40e,runs\phase10_margin_aware_boundary_band_seed202_40e,runs\phase10_margin_aware_boundary_band_seed202_40e\evaluation_test\test_batch_0013\forecast_maps.npz,runs\phase10_margin_aware_boundary_band_seed202_40e\evaluation_test\test_batch_0013\summary.json,13,1,test,location3,r100y_p0.5_d3h,6,12,12,mass_preserving,location3|r100y_p0.5_d3h|6,reliable,0.18692400261978723,reliable,,,prediction,target,0.05,1.866689920425415,1.8385099172592163,-0.02818000316619873,0.02818000316619873,0.032714270126010185,0.0125313648012233,0.07026756689172294,0.010201953491605548
seed202|batch14|sample0|location3|r100y_p0.5_d3h|12,seed202,phase10_margin_aware_boundary_band_seed202_40e,runs\phase10_margin_aware_boundary_band_seed202_40e,runs\phase10_margin_aware_boundary_band_seed202_40e\evaluation_test\test_batch_0014\forecast_maps.npz,runs\phase10_margin_aware_boundary_band_seed202_40e\evaluation_test\test_batch_0014\summary.json,14,0,test,location3,r100y_p0.5_d3h,12,12,12,mass_preserving,location3|r100y_p0.5_d3h|12,reliable,0.1360800902048747,reliable,,,prediction,target,0.05,1.7803488969802856,1.896480917930603,0.11613202095031738,0.0,0.03601678281618412,0.013756072326752614,0.02565561720491298,0.01991784458839683
seed202|batch14|sample1|location3|r200y_p0.5_d3h|0,seed202,phase10_margin_aware_boundary_band_seed202_40e,runs\phase10_margin_aware_boundary_band_seed202_40e,runs\phase10_margin_aware_boundary_band_seed202_40e\evaluation_test\test_batch_0014\forecast_maps.npz,runs\phase10_margin_aware_boundary_band_seed202_40e\evaluation_test\test_batch_0014\summary.json,14,1,test,location3,r200y_p0.5_d3h,0,12,12,mass_preserving,location3|r200y_p0.5_d3h|0,reliable,0.8809398297844502,reliable,,,prediction,target,0.05,1.9122755527496338,1.9415565729141235,0.029281020164489746,0.0,0.042292400839875045,0.01680372730224422,0.1596210152317663,0.009313463007863499
seed202|batch15|sample0|location3|r200y_p0.5_d3h|6,seed202,phase10_margin_aware_boundary_band_seed202_40e,runs\phase10_margin_aware_boundary_band_seed202_40e,runs\phase10_margin_aware_boundary_band_seed202_40e\evaluation_test\test_batch_0015\forecast_maps.npz,runs\phase10_margin_aware_boundary_band_seed202_40e\evaluation_test\test_batch_0015\summary.json,15,0,test,location3,r200y_p0.5_d3h,6,12,12,mass_preserving,location3|r200y_p0.5_d3h|6,reliable,0.2685087369209167,reliable,,,prediction,target,0.05,1.9122755527496338,1.847899079322815,-0.06437647342681885,0.06437647342681885,0.0360349672003643,0.01378951214551194,0.08503912115703785,0.006824205204842909
seed202|batch15|sample1|location3|r200y_p0.5_d3h|12,seed202,phase10_margin_aware_boundary_band_seed202_40e,runs\phase10_margin_aware_boundary_band_seed202_40e,runs\phase10_margin_aware_boundary_band_seed202_40e\evaluation_test\test_batch_0015\forecast_maps.npz,runs\phase10_margin_aware_boundary_band_seed202_40e\evaluation_test\test_batch_0015\summary.json,15,1,test,location3,r200y_p0.5_d3h,12,12,12,mass_preserving,location3|r200y_p0.5_d3h|12,reliable,0.12980848948160809,reliable,,,prediction,target,0.05,1.820621371269226,1.9020415544509888,0.0814201831817627,0.0,0.034612969154904444,0.013334616045333097,0.02877180363244021,0.015043242871234888
seed202|batch16|sample0|location3|r300y_p0.6_d3h|0,seed202,phase10_margin_aware_boundary_band_seed202_40e,runs\phase10_margin_aware_boundary_band_seed202_40e,runs\phase10_margin_aware_boundary_band_seed202_40e\evaluation_test\test_batch_0016\forecast_maps.npz,runs\phase10_margin_aware_boundary_band_seed202_40e\evaluation_test\test_batch_0016\summary.json,16,0,test,location3,r300y_p0.6_d3h,0,12,12,mass_preserving,location3|r300y_p0.6_d3h|0,reliable,1.9700718852628787,reliable,,,prediction,target,0.05,1.9415950775146484,1.9641307592391968,0.02253568172454834,0.0,0.051961721995006344,0.021633562221374025,0.20066273932253315,0.015218027509511267
seed202|batch16|sample1|location3|r300y_p0.6_d3h|6,seed202,phase10_margin_aware_boundary_band_seed202_40e,runs\phase10_margin_aware_boundary_band_seed202_40e,runs\phase10_margin_aware_boundary_band_seed202_40e\evaluation_test\test_batch_0016\forecast_maps.npz,runs\phase10_margin_aware_boundary_band_seed202_40e\evaluation_test\test_batch_0016\summary.json,16,1,test,location3,r300y_p0.6_d3h,6,12,12,mass_preserving,location3|r300y_p0.6_d3h|6,reliable,0.7384652648939676,reliable,,,prediction,target,0.05,1.9415950775146484,1.937425971031189,-0.004169106483459473,0.004169106483459473,0.03922268664898584,0.015030829297300088,0.07749190013340956,0.008557694000809987
seed202|batch17|sample0|location3|r300y_p0.6_d3h|12,seed202,phase10_margin_aware_boundary_band_seed202_40e,runs\phase10_margin_aware_boundary_band_seed202_40e,runs\phase10_margin_aware_boundary_band_seed202_40e\evaluation_test\test_batch_0017\forecast_maps.npz,runs\phase10_margin_aware_boundary_band_seed202_40e\evaluation_test\test_batch_0017\summary.json,17,0,test,location3,r300y_p0.6_d3h,12,12,12,mass_preserving,location3|r300y_p0.6_d3h|12,reliable,0.6398848533630371,reliable,,,prediction,target,0.05,1.8407260179519653,1.881304383277893,0.040578365325927734,0.0,0.03482812186784327,0.012821185015091907,0.03720504209011209,0.010962626884921205
seed202|batch17|sample1|location3|r300y_p0.8_d3h|0,seed202,phase10_margin_aware_boundary_band_seed202_40e,runs\phase10_margin_aware_boundary_band_seed202_40e,runs\phase10_margin_aware_boundary_band_seed202_40e\evaluation_test\test_batch_0017\forecast_maps.npz,runs\phase10_margin_aware_boundary_band_seed202_40e\evaluation_test\test_batch_0017\summary.json,17,1,test,location3,r300y_p0.8_d3h,0,12,12,mass_preserving,location3|r300y_p0.8_d3h|0,reliable,1.8565011306961405,reliable,,,prediction,target,0.05,1.9666359424591064,1.9615226984024048,-0.00511324405670166,0.00511324405670166,0.052043571064249415,0.02108873330550692,0.21611721611721613,0.015911088325765342
seed202|batch18|sample0|location3|r300y_p0.8_d3h|6,seed202,phase10_margin_aware_boundary_band_seed202_40e,runs\phase10_margin_aware_boundary_band_seed202_40e,runs\phase10_margin_aware_boundary_band_seed202_40e\evaluation_test\test_batch_0018\forecast_maps.npz,runs\phase10_margin_aware_boundary_band_seed202_40e\evaluation_test\test_batch_0018\summary.json,18,0,test,location3,r300y_p0.8_d3h,6,12,12,mass_preserving,location3|r300y_p0.8_d3h|6,reliable,1.0676112959491142,reliable,,,prediction,target,0.05,1.9666359424591064,1.976866364479065,0.010230422019958496,0.0,0.053031587411182586,0.020389029748367555,0.10253660701079723,0.01616498785119483
seed202|batch18|sample1|location3|r300y_p0.8_d3h|12,seed202,phase10_margin_aware_boundary_band_seed202_40e,runs\phase10_margin_aware_boundary_band_seed202_40e,runs\phase10_margin_aware_boundary_band_seed202_40e\evaluation_test\test_batch_0018\forecast_maps.npz,runs\phase10_margin_aware_boundary_band_seed202_40e\evaluation_test\test_batch_0018\summary.json,18,1,test,location3,r300y_p0.8_d3h,12,12,12,mass_preserving,location3|r300y_p0.8_d3h|12,reliable,0.6852056821187338,reliable,,,prediction,target,0.05,1.8554701805114746,1.9283171892166138,0.07284700870513916,0.0,0.03792822162376737,0.013366580034756367,0.03517220621748291,0.012898685326303281
seed42|batch0|sample0|location1|r100y_p0.5_d3h|0,seed42,phase10_margin_aware_boundary_band_seed42_40e,runs\phase10_margin_aware_boundary_band_seed42_40e,runs\phase10_margin_aware_boundary_band_seed42_40e\evaluation_test\test_batch_0000\forecast_maps.npz,runs\phase10_margin_aware_boundary_band_seed42_40e\evaluation_test\test_batch_0000\summary.json,0,0,test,location1,r100y_p0.5_d3h,0,12,12,mass_preserving,location1|r100y_p0.5_d3h|0,reliable,0.8633111808409426,reliable,,,prediction,target,0.05,1.9651845693588257,2.21053147315979,0.24534690380096436,0.0,0.054250106375856165,0.02197212926547917,0.15575827912876847,0.02019967785806953
seed42|batch0|sample1|location1|r100y_p0.5_d3h|6,seed42,phase10_margin_aware_boundary_band_seed42_40e,runs\phase10_margin_aware_boundary_band_seed42_40e,runs\phase10_margin_aware_boundary_band_seed42_40e\evaluation_test\test_batch_0000\forecast_maps.npz,runs\phase10_margin_aware_boundary_band_seed42_40e\evaluation_test\test_batch_0000\summary.json,0,1,test,location1,r100y_p0.5_d3h,6,12,12,mass_preserving,location1|r100y_p0.5_d3h|6,reliable,0.33766517931342716,reliable,reliable,"Selected as the lowest-risk reliable-labeled case using risk score, false-dry, boundary, RMSE, and stable identity tie-breaks.",prediction,target,0.05,1.9651845693588257,2.1293628215789795,0.1641782522201538,0.0,0.042562364850843186,0.016251120506515143,0.10606833248342683,0.014966834511474774
seed42|batch1|sample0|location1|r100y_p0.5_d3h|12,seed42,phase10_margin_aware_boundary_band_seed42_40e,runs\phase10_margin_aware_boundary_band_seed42_40e,runs\phase10_margin_aware_boundary_band_seed42_40e\evaluation_test\test_batch_0001\forecast_maps.npz,runs\phase10_margin_aware_boundary_band_seed42_40e\evaluation_test\test_batch_0001\summary.json,1,0,test,location1,r100y_p0.5_d3h,12,12,12,mass_preserving,location1|r100y_p0.5_d3h|12,reliable,0.27551879882812497,reliable,,,prediction,target,0.05,1.9066872596740723,2.139671802520752,0.2329845428466797,0.0,0.04566103801872079,0.01646554163202758,0.06218539456361806,0.027901066857162933
seed42|batch1|sample1|location1|r200y_p0.5_d3h|0,seed42,phase10_margin_aware_boundary_band_seed42_40e,runs\phase10_margin_aware_boundary_band_seed42_40e,runs\phase10_margin_aware_boundary_band_seed42_40e\evaluation_test\test_batch_0001\forecast_maps.npz,runs\phase10_margin_aware_boundary_band_seed42_40e\evaluation_test\test_batch_0001\summary.json,1,1,test,location1,r200y_p0.5_d3h,0,12,12,mass_preserving,location1|r200y_p0.5_d3h|0,reliable,1.1673403928180286,reliable,,,prediction,target,0.05,2.024629592895508,2.2266621589660645,0.20203256607055664,0.0,0.05740980729072209,0.023137740450385583,0.16964610507717093,0.013818443986289067
seed42|batch2|sample0|location1|r200y_p0.5_d3h|6,seed42,phase10_margin_aware_boundary_band_seed42_40e,runs\phase10_margin_aware_boundary_band_seed42_40e,runs\phase10_margin_aware_boundary_band_seed42_40e\evaluation_test\test_batch_0002\forecast_maps.npz,runs\phase10_margin_aware_boundary_band_seed42_40e\evaluation_test\test_batch_0002\summary.json,2,0,test,location1,r200y_p0.5_d3h,6,12,12,mass_preserving,location1|r200y_p0.5_d3h|6,reliable,0.4752424056350733,reliable,,,prediction,target,0.05,2.024629592895508,2.1556286811828613,0.13099908828735352,0.0,0.046455129245471564,0.01766960086206717,0.11121670089819441,0.013318128876069445
seed42|batch2|sample1|location1|r200y_p0.5_d3h|12,seed42,phase10_margin_aware_boundary_band_seed42_40e,runs\phase10_margin_aware_boundary_band_seed42_40e,runs\phase10_margin_aware_boundary_band_seed42_40e\evaluation_test\test_batch_0002\forecast_maps.npz,runs\phase10_margin_aware_boundary_band_seed42_40e\evaluation_test\test_batch_0002\summary.json,2,1,test,location1,r200y_p0.5_d3h,12,12,12,mass_preserving,location1|r200y_p0.5_d3h|12,reliable,0.250081443786621,reliable,,,prediction,target,0.05,1.9618059396743774,2.1434061527252197,0.18160021305084229,0.0,0.04600966968828575,0.01661026895388442,0.0743571667099551,0.023547510565434967
seed42|batch3|sample0|location1|r300y_p0.6_d3h|0,seed42,phase10_margin_aware_boundary_band_seed42_40e,runs\phase10_margin_aware_boundary_band_seed42_40e,runs\phase10_margin_aware_boundary_band_seed42_40e\evaluation_test\test_batch_0003\forecast_maps.npz,runs\phase10_margin_aware_boundary_band_seed42_40e\evaluation_test\test_batch_0003\summary.json,3,0,test,location1,r300y_p0.6_d3h,0,12,12,mass_preserving,location1|r300y_p0.6_d3h|0,reliable,2.175180755582202,reliable,,,prediction,target,0.05,2.0679421424865723,2.1938016414642334,0.12585949897766113,0.0,0.06796977901317182,0.02842012214188618,0.2009740339198747,0.01790724700957322
seed42|batch3|sample1|location1|r300y_p0.6_d3h|6,seed42,phase10_margin_aware_boundary_band_seed42_40e,runs\phase10_margin_aware_boundary_band_seed42_40e,runs\phase10_margin_aware_boundary_band_seed42_40e\evaluation_test\test_batch_0003\forecast_maps.npz,runs\phase10_margin_aware_boundary_band_seed42_40e\evaluation_test\test_batch_0003\summary.json,3,1,test,location1,r300y_p0.6_d3h,6,12,12,mass_preserving,location1|r300y_p0.6_d3h|6,reliable,1.2068207612934438,reliable,,,prediction,target,0.05,2.0679421424865723,2.192699432373047,0.12475728988647461,0.0,0.0529920794798895,0.019929467005334753,0.13085556041393384,0.011466208264788698
seed42|batch4|sample0|location1|r300y_p0.6_d3h|12,seed42,phase10_margin_aware_boundary_band_seed42_40e,runs\phase10_margin_aware_boundary_band_seed42_40e,runs\phase10_margin_aware_boundary_band_seed42_40e\evaluation_test\test_batch_0004\forecast_maps.npz,runs\phase10_margin_aware_boundary_band_seed42_40e\evaluation_test\test_batch_0004\summary.json,4,0,test,location1,r300y_p0.6_d3h,12,12,12,mass_preserving,location1|r300y_p0.6_d3h|12,reliable,0.7130547205607096,reliable,,,prediction,target,0.05,2.012298345565796,2.1311116218566895,0.11881327629089355,0.0,0.0463999313589286,0.016656809475261214,0.08773045136681501,0.019786801668508682
seed42|batch4|sample1|location1|r300y_p0.8_d3h|0,seed42,phase10_margin_aware_boundary_band_seed42_40e,runs\phase10_margin_aware_boundary_band_seed42_40e,runs\phase10_margin_aware_boundary_band_seed42_40e\evaluation_test\test_batch_0004\forecast_maps.npz,runs\phase10_margin_aware_boundary_band_seed42_40e\evaluation_test\test_batch_0004\summary.json,4,1,test,location1,r300y_p0.8_d3h,0,12,12,mass_preserving,location1|r300y_p0.8_d3h|0,reliable,1.9864017311943072,reliable,,,prediction,target,0.05,2.071625232696533,2.124361276626587,0.05273604393005371,0.0,0.06718429978516206,0.02774496600662636,0.2002106940054986,0.025353702541077692
seed42|batch5|sample0|location1|r300y_p0.8_d3h|6,seed42,phase10_margin_aware_boundary_band_seed42_40e,runs\phase10_margin_aware_boundary_band_seed42_40e,runs\phase10_margin_aware_boundary_band_seed42_40e\evaluation_test\test_batch_0005\forecast_maps.npz,runs\phase10_margin_aware_boundary_band_seed42_40e\evaluation_test\test_batch_0005\summary.json,5,0,test,location1,r300y_p0.8_d3h,6,12,12,mass_preserving,location1|r300y_p0.8_d3h|6,reliable,1.526451204899377,reliable,,,prediction,target,0.05,2.071625232696533,2.212402105331421,0.1407768726348877,0.0,0.06602058762446772,0.026361661845148016,0.14083490618407904,0.022175862498443142
seed42|batch5|sample1|location1|r300y_p0.8_d3h|12,seed42,phase10_margin_aware_boundary_band_seed42_40e,runs\phase10_margin_aware_boundary_band_seed42_40e,runs\phase10_margin_aware_boundary_band_seed42_40e\evaluation_test\test_batch_0005\forecast_maps.npz,runs\phase10_margin_aware_boundary_band_seed42_40e\evaluation_test\test_batch_0005\summary.json,5,1,test,location1,r300y_p0.8_d3h,12,12,12,mass_preserving,location1|r300y_p0.8_d3h|12,reliable,0.7199087778727213,reliable,,,prediction,target,0.05,2.0355610847473145,2.2173850536346436,0.1818239688873291,0.0,0.04876601362032119,0.017836275185764295,0.0817135116830342,0.024120470678365792
seed42|batch6|sample0|location2|r100y_p0.5_d3h|0,seed42,phase10_margin_aware_boundary_band_seed42_40e,runs\phase10_margin_aware_boundary_band_seed42_40e,runs\phase10_margin_aware_boundary_band_seed42_40e\evaluation_test\test_batch_0006\forecast_maps.npz,runs\phase10_margin_aware_boundary_band_seed42_40e\evaluation_test\test_batch_0006\summary.json,6,0,test,location2,r100y_p0.5_d3h,0,12,12,mass_preserving,location2|r100y_p0.5_d3h|0,high-risk,5.109393099586229,high-risk,,,prediction,target,0.05,2.62091064453125,1.2738840579986572,-1.3470265865325928,1.3470265865325928,0.07851134244808544,0.0168282181994098,0.4270672469465113,0.0056864917033153835
seed42|batch6|sample1|location2|r100y_p0.5_d3h|6,seed42,phase10_margin_aware_boundary_band_seed42_40e,runs\phase10_margin_aware_boundary_band_seed42_40e,runs\phase10_margin_aware_boundary_band_seed42_40e\evaluation_test\test_batch_0006\forecast_maps.npz,runs\phase10_margin_aware_boundary_band_seed42_40e\evaluation_test\test_batch_0006\summary.json,6,1,test,location2,r100y_p0.5_d3h,6,12,12,mass_preserving,location2|r100y_p0.5_d3h|6,caution,3.070936264799175,caution,,,prediction,target,0.05,1.6813663244247437,1.2063796520233154,-0.4749866724014282,0.4749866724014282,0.04319057286395267,0.00996885081033442,0.3701511468132333,0.004974699033380177
seed42|batch7|sample0|location2|r100y_p0.5_d3h|12,seed42,phase10_margin_aware_boundary_band_seed42_40e,runs\phase10_margin_aware_boundary_band_seed42_40e,runs\phase10_margin_aware_boundary_band_seed42_40e\evaluation_test\test_batch_0007\forecast_maps.npz,runs\phase10_margin_aware_boundary_band_seed42_40e\evaluation_test\test_batch_0007\summary.json,7,0,test,location2,r100y_p0.5_d3h,12,12,12,mass_preserving,location2|r100y_p0.5_d3h|12,reliable,2.1333941805946983,reliable,,,prediction,target,0.05,0.9571658968925476,1.025647521018982,0.06848162412643433,0.0,0.031188941873637733,0.007314412766347626,0.3486970929356831,0.007385415515163
seed42|batch7|sample1|location2|r200y_p0.5_d3h|0,seed42,phase10_margin_aware_boundary_band_seed42_40e,runs\phase10_margin_aware_boundary_band_seed42_40e,runs\phase10_margin_aware_boundary_band_seed42_40e\evaluation_test\test_batch_0007\forecast_maps.npz,runs\phase10_margin_aware_boundary_band_seed42_40e\evaluation_test\test_batch_0007\summary.json,7,1,test,location2,r200y_p0.5_d3h,0,12,12,mass_preserving,location2|r200y_p0.5_d3h|0,high-risk,5.657277233958493,high-risk,,,prediction,target,0.05,2.6825506687164307,1.2969319820404053,-1.3856186866760254,1.3856186866760254,0.0852540037187421,0.018764604371713952,0.4667931688804554,0.004191369088652972
seed42|batch8|sample0|location2|r200y_p0.5_d3h|6,seed42,phase10_margin_aware_boundary_band_seed42_40e,runs\phase10_margin_aware_boundary_band_seed42_40e,runs\phase10_margin_aware_boundary_band_seed42_40e\evaluation_test\test_batch_0008\forecast_maps.npz,runs\phase10_margin_aware_boundary_band_seed42_40e\evaluation_test\test_batch_0008\summary.json,8,0,test,location2,r200y_p0.5_d3h,6,12,12,mass_preserving,location2|r200y_p0.5_d3h|6,caution,3.5894173677531853,caution,,,prediction,target,0.05,1.7939974069595337,1.2346683740615845,-0.5593290328979492,0.5593290328979492,0.05326253942634183,0.012193704755549997,0.39455455070232825,0.00447871803408981
seed42|batch8|sample1|location2|r200y_p0.5_d3h|12,seed42,phase10_margin_aware_boundary_band_seed42_40e,runs\phase10_margin_aware_boundary_band_seed42_40e,runs\phase10_margin_aware_boundary_band_seed42_40e\evaluation_test\test_batch_0008\forecast_maps.npz,runs\phase10_margin_aware_boundary_band_seed42_40e\evaluation_test\test_batch_0008\summary.json,8,1,test,location2,r200y_p0.5_d3h,12,12,12,mass_preserving,location2|r200y_p0.5_d3h|12,caution,2.510574456255723,caution,,,prediction,target,0.05,1.1040637493133545,1.0441542863845825,-0.05990946292877197,0.05990946292877197,0.039892251313282175,0.008642855372571015,0.364895458782794,0.006012723494042803
seed42|batch9|sample0|location2|r300y_p0.6_d3h|0,seed42,phase10_margin_aware_boundary_band_seed42_40e,runs\phase10_margin_aware_boundary_band_seed42_40e,runs\phase10_margin_aware_boundary_band_seed42_40e\evaluation_test\test_batch_0009\forecast_maps.npz,runs\phase10_margin_aware_boundary_band_seed42_40e\evaluation_test\test_batch_0009\summary.json,9,0,test,location2,r300y_p0.6_d3h,0,12,12,mass_preserving,location2|r300y_p0.6_d3h|0,high-risk,8.414374780117354,high-risk,,,prediction,target,0.05,2.7899465560913086,1.0704457759857178,-1.7195007801055908,1.7195007801055908,0.10302081560469602,0.0232937628678198,0.510994704121575,0.005065946573233056
seed42|batch9|sample1|location2|r300y_p0.6_d3h|6,seed42,phase10_margin_aware_boundary_band_seed42_40e,runs\phase10_margin_aware_boundary_band_seed42_40e,runs\phase10_margin_aware_boundary_band_seed42_40e\evaluation_test\test_batch_0009\forecast_maps.npz,runs\phase10_margin_aware_boundary_band_seed42_40e\evaluation_test\test_batch_0009\summary.json,9,1,test,location2,r300y_p0.6_d3h,6,12,12,mass_preserving,location2|r300y_p0.6_d3h|6,caution,4.666625702538086,caution,caution,Selected as a representative caution-labeled case closest to the caution risk midpoint with stable tie-breaks.,prediction,target,0.05,2.03947114944458,1.2982405424118042,-0.7412306070327759,0.7412306070327759,0.05954140150506238,0.014534644126509478,0.27666040940377223,0.016276473538595952
seed42|batch10|sample0|location2|r300y_p0.6_d3h|12,seed42,phase10_margin_aware_boundary_band_seed42_40e,runs\phase10_margin_aware_boundary_band_seed42_40e,runs\phase10_margin_aware_boundary_band_seed42_40e\evaluation_test\test_batch_0010\forecast_maps.npz,runs\phase10_margin_aware_boundary_band_seed42_40e\evaluation_test\test_batch_0010\summary.json,10,0,test,location2,r300y_p0.6_d3h,12,12,12,mass_preserving,location2|r300y_p0.6_d3h|12,caution,3.4126328560071757,caution,,,prediction,target,0.05,1.178109884262085,1.3571298122406006,0.17901992797851562,0.0,0.03757798303670908,0.009615295350112648,0.23670793882010197,0.015867707172054997
seed42|batch10|sample1|location2|r300y_p0.6_d3h|18,seed42,phase10_margin_aware_boundary_band_seed42_40e,runs\phase10_margin_aware_boundary_band_seed42_40e,runs\phase10_margin_aware_boundary_band_seed42_40e\evaluation_test\test_batch_0010\forecast_maps.npz,runs\phase10_margin_aware_boundary_band_seed42_40e\evaluation_test\test_batch_0010\summary.json,10,1,test,location2,r300y_p0.6_d3h,18,12,12,mass_preserving,location2|r300y_p0.6_d3h|18,caution,4.074317948265137,caution,,,prediction,target,0.05,1.0229902267456055,1.1631747484207153,0.14018452167510986,0.0,0.030345665393052817,0.006946250715719804,0.3342060680733097,0.005717591983799279
seed42|batch11|sample0|location2|r300y_p0.6_d3h|24,seed42,phase10_margin_aware_boundary_band_seed42_40e,runs\phase10_margin_aware_boundary_band_seed42_40e,runs\phase10_margin_aware_boundary_band_seed42_40e\evaluation_test\test_batch_0011\forecast_maps.npz,runs\phase10_margin_aware_boundary_band_seed42_40e\evaluation_test\test_batch_0011\summary.json,11,0,test,location2,r300y_p0.6_d3h,24,12,12,mass_preserving,location2|r300y_p0.6_d3h|24,caution,4.865340345876418,caution,,,prediction,target,0.05,0.9036679267883301,0.974757969379425,0.07109004259109497,0.0,0.027949737915265067,0.006244550779230191,0.4126956215931071,0.0044154388464338655
seed42|batch11|sample1|location2|r300y_p0.8_d3h|0,seed42,phase10_margin_aware_boundary_band_seed42_40e,runs\phase10_margin_aware_boundary_band_seed42_40e,runs\phase10_margin_aware_boundary_band_seed42_40e\evaluation_test\test_batch_0011\forecast_maps.npz,runs\phase10_margin_aware_boundary_band_seed42_40e\evaluation_test\test_batch_0011\summary.json,11,1,test,location2,r300y_p0.8_d3h,0,12,12,mass_preserving,location2|r300y_p0.8_d3h|0,high-risk,8.592822894640216,high-risk,high-risk,"Selected as a high-risk case, prioritizing Phase-13-like location2+r300y evidence and then stronger risk evidence.",prediction,target,0.05,2.8395590782165527,1.1315656900405884,-1.7079933881759644,1.7079933881759644,0.09929640084115966,0.02317800423039193,0.5758555345000558,0.00579293206317934
seed42|batch12|sample0|location2|r300y_p0.8_d3h|6,seed42,phase10_margin_aware_boundary_band_seed42_40e,runs\phase10_margin_aware_boundary_band_seed42_40e,runs\phase10_margin_aware_boundary_band_seed42_40e\evaluation_test\test_batch_0012\forecast_maps.npz,runs\phase10_margin_aware_boundary_band_seed42_40e\evaluation_test\test_batch_0012\summary.json,12,0,test,location2,r300y_p0.8_d3h,6,12,12,mass_preserving,location2|r300y_p0.8_d3h|6,high-risk,5.819418164668541,high-risk,,,prediction,target,0.05,2.4863128662109375,1.3503979444503784,-1.135914921760559,1.135914921760559,0.06844447001447433,0.015414577603024254,0.3443551797040169,0.009259509803391004
seed42|batch12|sample1|location2|r300y_p0.8_d3h|12,seed42,phase10_margin_aware_boundary_band_seed42_40e,runs\phase10_margin_aware_boundary_band_seed42_40e,runs\phase10_margin_aware_boundary_band_seed42_40e\evaluation_test\test_batch_0012\forecast_maps.npz,runs\phase10_margin_aware_boundary_band_seed42_40e\evaluation_test\test_batch_0012\summary.json,12,1,test,location2,r300y_p0.8_d3h,12,12,12,mass_preserving,location2|r300y_p0.8_d3h|12,caution,3.6364844407542147,caution,,,prediction,target,0.05,1.1866930723190308,1.3347457647323608,0.14805269241333008,0.0,0.039500677161596096,0.009423688437544389,0.2665719696969697,0.008689413265306123
seed42|batch13|sample0|location3|r100y_p0.5_d3h|0,seed42,phase10_margin_aware_boundary_band_seed42_40e,runs\phase10_margin_aware_boundary_band_seed42_40e,runs\phase10_margin_aware_boundary_band_seed42_40e\evaluation_test\test_batch_0013\forecast_maps.npz,runs\phase10_margin_aware_boundary_band_seed42_40e\evaluation_test\test_batch_0013\summary.json,13,0,test,location3,r100y_p0.5_d3h,0,12,12,mass_preserving,location3|r100y_p0.5_d3h|0,reliable,1.2991621175764827,reliable,,,prediction,target,0.05,1.866689920425415,1.8639705181121826,-0.002719402313232422,0.002719402313232422,0.05752192834891194,0.021397750015112335,0.20870593966387138,0.01776980860075416
seed42|batch13|sample1|location3|r100y_p0.5_d3h|6,seed42,phase10_margin_aware_boundary_band_seed42_40e,runs\phase10_margin_aware_boundary_band_seed42_40e,runs\phase10_margin_aware_boundary_band_seed42_40e\evaluation_test\test_batch_0013\forecast_maps.npz,runs\phase10_margin_aware_boundary_band_seed42_40e\evaluation_test\test_batch_0013\summary.json,13,1,test,location3,r100y_p0.5_d3h,6,12,12,mass_preserving,location3|r100y_p0.5_d3h|6,reliable,0.3598511595726864,reliable,,,prediction,target,0.05,1.866689920425415,1.8464990854263306,-0.020190834999084473,0.020190834999084473,0.04957238103464841,0.016682108401203436,0.11357005918146203,0.013000104278911328
seed42|batch14|sample0|location3|r100y_p0.5_d3h|12,seed42,phase10_margin_aware_boundary_band_seed42_40e,runs\phase10_margin_aware_boundary_band_seed42_40e,runs\phase10_margin_aware_boundary_band_seed42_40e\evaluation_test\test_batch_0014\forecast_maps.npz,runs\phase10_margin_aware_boundary_band_seed42_40e\evaluation_test\test_batch_0014\summary.json,14,0,test,location3,r100y_p0.5_d3h,12,12,12,mass_preserving,location3|r100y_p0.5_d3h|12,reliable,0.1853456338246663,reliable,,,prediction,target,0.05,1.7803488969802856,1.8765150308609009,0.09616613388061523,0.0,0.04859066496234274,0.01662592663693539,0.07905344525062835,0.021245321072692155
seed42|batch14|sample1|location3|r200y_p0.5_d3h|0,seed42,phase10_margin_aware_boundary_band_seed42_40e,runs\phase10_margin_aware_boundary_band_seed42_40e,runs\phase10_margin_aware_boundary_band_seed42_40e\evaluation_test\test_batch_0014\forecast_maps.npz,runs\phase10_margin_aware_boundary_band_seed42_40e\evaluation_test\test_batch_0014\summary.json,14,1,test,location3,r200y_p0.5_d3h,0,12,12,mass_preserving,location3|r200y_p0.5_d3h|0,reliable,1.685488583330692,reliable,,,prediction,target,0.05,1.9122755527496338,1.8702645301818848,-0.04201102256774902,0.04201102256774902,0.06241916229415349,0.02303519690552135,0.2360101325788729,0.014481592674371732
seed42|batch15|sample0|location3|r200y_p0.5_d3h|6,seed42,phase10_margin_aware_boundary_band_seed42_40e,runs\phase10_margin_aware_boundary_band_seed42_40e,runs\phase10_margin_aware_boundary_band_seed42_40e\evaluation_test\test_batch_0015\forecast_maps.npz,runs\phase10_margin_aware_boundary_band_seed42_40e\evaluation_test\test_batch_0015\summary.json,15,0,test,location3,r200y_p0.5_d3h,6,12,12,mass_preserving,location3|r200y_p0.5_d3h|6,reliable,0.6089373826785298,reliable,,,prediction,target,0.05,1.9122755527496338,1.8598699569702148,-0.052405595779418945,0.052405595779418945,0.05425648500542829,0.01837409429541182,0.13158934640006323,0.01174533864169712
seed42|batch15|sample1|location3|r200y_p0.5_d3h|12,seed42,phase10_margin_aware_boundary_band_seed42_40e,runs\phase10_margin_aware_boundary_band_seed42_40e,runs\phase10_margin_aware_boundary_band_seed42_40e\evaluation_test\test_batch_0015\forecast_maps.npz,runs\phase10_margin_aware_boundary_band_seed42_40e\evaluation_test\test_batch_0015\summary.json,15,1,test,location3,r200y_p0.5_d3h,12,12,12,mass_preserving,location3|r200y_p0.5_d3h|12,reliable,0.1860422134399414,reliable,,,prediction,target,0.05,1.820621371269226,1.886490821838379,0.06586945056915283,0.0,0.05076300629089192,0.017064312483170137,0.09292393454414674,0.017612580578559793
seed42|batch16|sample0|location3|r300y_p0.6_d3h|0,seed42,phase10_margin_aware_boundary_band_seed42_40e,runs\phase10_margin_aware_boundary_band_seed42_40e,runs\phase10_margin_aware_boundary_band_seed42_40e\evaluation_test\test_batch_0016\forecast_maps.npz,runs\phase10_margin_aware_boundary_band_seed42_40e\evaluation_test\test_batch_0016\summary.json,16,0,test,location3,r300y_p0.6_d3h,0,12,12,mass_preserving,location3|r300y_p0.6_d3h|0,caution,2.8133862049355667,caution,,,prediction,target,0.05,1.9415950775146484,1.8950507640838623,-0.04654431343078613,0.04654431343078613,0.07213255117508065,0.027553955753387458,0.2808971526755032,0.01805921373524534
seed42|batch16|sample1|location3|r300y_p0.6_d3h|6,seed42,phase10_margin_aware_boundary_band_seed42_40e,runs\phase10_margin_aware_boundary_band_seed42_40e,runs\phase10_margin_aware_boundary_band_seed42_40e\evaluation_test\test_batch_0016\forecast_maps.npz,runs\phase10_margin_aware_boundary_band_seed42_40e\evaluation_test\test_batch_0016\summary.json,16,1,test,location3,r300y_p0.6_d3h,6,12,12,mass_preserving,location3|r300y_p0.6_d3h|6,reliable,1.2661212833882334,reliable,,,prediction,target,0.05,1.9415950775146484,1.8661224842071533,-0.07547259330749512,0.07547259330749512,0.060247924203801005,0.02032631400239342,0.13973699256718125,0.012995016816044796
seed42|batch17|sample0|location3|r300y_p0.6_d3h|12,seed42,phase10_margin_aware_boundary_band_seed42_40e,runs\phase10_margin_aware_boundary_band_seed42_40e,runs\phase10_margin_aware_boundary_band_seed42_40e\evaluation_test\test_batch_0017\forecast_maps.npz,runs\phase10_margin_aware_boundary_band_seed42_40e\evaluation_test\test_batch_0017\summary.json,17,0,test,location3,r300y_p0.6_d3h,12,12,12,mass_preserving,location3|r300y_p0.6_d3h|12,reliable,0.7476504376544629,reliable,,,prediction,target,0.05,1.8407260179519653,1.869354486465454,0.02862846851348877,0.0,0.053743736273066826,0.017304841874351357,0.10293540367252585,0.014371174739896707
seed42|batch17|sample1|location3|r300y_p0.8_d3h|0,seed42,phase10_margin_aware_boundary_band_seed42_40e,runs\phase10_margin_aware_boundary_band_seed42_40e,runs\phase10_margin_aware_boundary_band_seed42_40e\evaluation_test\test_batch_0017\forecast_maps.npz,runs\phase10_margin_aware_boundary_band_seed42_40e\evaluation_test\test_batch_0017\summary.json,17,1,test,location3,r300y_p0.8_d3h,0,12,12,mass_preserving,location3|r300y_p0.8_d3h|0,caution,2.904894119132844,caution,,,prediction,target,0.05,1.9666359424591064,1.8844797611236572,-0.08215618133544922,0.08215618133544922,0.07430886613004069,0.02831001776073763,0.31001221001221,0.0182242078023534
seed42|batch18|sample0|location3|r300y_p0.8_d3h|6,seed42,phase10_margin_aware_boundary_band_seed42_40e,runs\phase10_margin_aware_boundary_band_seed42_40e,runs\phase10_margin_aware_boundary_band_seed42_40e\evaluation_test\test_batch_0018\forecast_maps.npz,runs\phase10_margin_aware_boundary_band_seed42_40e\evaluation_test\test_batch_0018\summary.json,18,0,test,location3,r300y_p0.8_d3h,6,12,12,mass_preserving,location3|r300y_p0.8_d3h|6,reliable,1.6879928413092813,reliable,,,prediction,target,0.05,1.9666359424591064,1.9056575298309326,-0.06097841262817383,0.06097841262817383,0.07136584425330206,0.025118600045701118,0.16347433811566336,0.02050553183458753
seed42|batch18|sample1|location3|r300y_p0.8_d3h|12,seed42,phase10_margin_aware_boundary_band_seed42_40e,runs\phase10_margin_aware_boundary_band_seed42_40e,runs\phase10_margin_aware_boundary_band_seed42_40e\evaluation_test\test_batch_0018\forecast_maps.npz,runs\phase10_margin_aware_boundary_band_seed42_40e\evaluation_test\test_batch_0018\summary.json,18,1,test,location3,r300y_p0.8_d3h,12,12,12,mass_preserving,location3|r300y_p0.8_d3h|12,reliable,0.7865036964416503,reliable,,,prediction,target,0.05,1.8554701805114746,1.8760006427764893,0.02053046226501465,0.0,0.055985233871841636,0.018248776466367828,0.09287526336156857,0.0187250145658231
seed123|batch0|sample0|location1|r100y_p0.5_d3h|0,seed123,phase25_target_wet_recall_seed123_40e,runs\phase25_target_wet_recall_seed123_40e,runs\phase25_target_wet_recall_seed123_40e\evaluation_test\test_batch_0000\forecast_maps.npz,runs\phase25_target_wet_recall_seed123_40e\evaluation_test\test_batch_0000\summary.json,0,0,test,location1,r100y_p0.5_d3h,0,12,12,mass_preserving,location1|r100y_p0.5_d3h|0,reliable,0.5628811465208514,reliable,,,prediction,target,0.05,1.9651845693588257,2.3517329692840576,0.38654839992523193,0.0,0.051986734303324074,0.021211354885959918,0.08210304715122399,0.023878613912269597
seed123|batch0|sample1|location1|r100y_p0.5_d3h|6,seed123,phase25_target_wet_recall_seed123_40e,runs\phase25_target_wet_recall_seed123_40e,runs\phase25_target_wet_recall_seed123_40e\evaluation_test\test_batch_0000\forecast_maps.npz,runs\phase25_target_wet_recall_seed123_40e\evaluation_test\test_batch_0000\summary.json,0,1,test,location1,r100y_p0.5_d3h,6,12,12,mass_preserving,location1|r100y_p0.5_d3h|6,reliable,0.10639864603678383,reliable,reliable,"Selected as the lowest-risk reliable-labeled case using risk score, false-dry, boundary, RMSE, and stable identity tie-breaks.",prediction,target,0.05,1.9651845693588257,2.2958109378814697,0.33062636852264404,0.0,0.042392176956708744,0.0160466881833745,0.028716216216216218,0.024281010942190373
seed123|batch1|sample0|location1|r100y_p0.5_d3h|12,seed123,phase25_target_wet_recall_seed123_40e,runs\phase25_target_wet_recall_seed123_40e,runs\phase25_target_wet_recall_seed123_40e\evaluation_test\test_batch_0001\forecast_maps.npz,runs\phase25_target_wet_recall_seed123_40e\evaluation_test\test_batch_0001\summary.json,1,0,test,location1,r100y_p0.5_d3h,12,12,12,mass_preserving,location1|r100y_p0.5_d3h|12,reliable,0.20431111653645834,reliable,,,prediction,target,0.05,1.9066872596740723,2.41943621635437,0.5127489566802979,0.0,0.04987065941611978,0.01701708330910503,0.00882831255324092,0.035911278706186836
seed123|batch1|sample1|location1|r200y_p0.5_d3h|0,seed123,phase25_target_wet_recall_seed123_40e,runs\phase25_target_wet_recall_seed123_40e,runs\phase25_target_wet_recall_seed123_40e\evaluation_test\test_batch_0001\forecast_maps.npz,runs\phase25_target_wet_recall_seed123_40e\evaluation_test\test_batch_0001\summary.json,1,1,test,location1,r200y_p0.5_d3h,0,12,12,mass_preserving,location1|r200y_p0.5_d3h|0,reliable,0.8703751447502213,reliable,,,prediction,target,0.05,2.024629592895508,2.3730709552764893,0.34844136238098145,0.0,0.05405271904837244,0.02218118933049952,0.09135789637790365,0.014507785127939186
seed123|batch2|sample0|location1|r200y_p0.5_d3h|6,seed123,phase25_target_wet_recall_seed123_40e,runs\phase25_target_wet_recall_seed123_40e,runs\phase25_target_wet_recall_seed123_40e\evaluation_test\test_batch_0002\forecast_maps.npz,runs\phase25_target_wet_recall_seed123_40e\evaluation_test\test_batch_0002\summary.json,2,0,test,location1,r200y_p0.5_d3h,6,12,12,mass_preserving,location1|r200y_p0.5_d3h|6,reliable,0.17221854177334223,reliable,,,prediction,target,0.05,2.024629592895508,2.291254758834839,0.26662516593933105,0.0,0.04539738880821647,0.01730670499277447,0.04052604150700469,0.020513821217535536
seed123|batch2|sample1|location1|r200y_p0.5_d3h|12,seed123,phase25_target_wet_recall_seed123_40e,runs\phase25_target_wet_recall_seed123_40e,runs\phase25_target_wet_recall_seed123_40e\evaluation_test\test_batch_0002\forecast_maps.npz,runs\phase25_target_wet_recall_seed123_40e\evaluation_test\test_batch_0002\summary.json,2,1,test,location1,r200y_p0.5_d3h,12,12,12,mass_preserving,location1|r200y_p0.5_d3h|12,reliable,0.19036871592203775,reliable,,,prediction,target,0.05,1.9618059396743774,2.424395799636841,0.4625898599624634,0.0,0.04944488124138613,0.017187064982494848,0.014248079848614151,0.031970387310868396
seed123|batch3|sample0|location1|r300y_p0.6_d3h|0,seed123,phase25_target_wet_recall_seed123_40e,runs\phase25_target_wet_recall_seed123_40e,runs\phase25_target_wet_recall_seed123_40e\evaluation_test\test_batch_0003\forecast_maps.npz,runs\phase25_target_wet_recall_seed123_40e\evaluation_test\test_batch_0003\summary.json,3,0,test,location1,r300y_p0.6_d3h,0,12,12,mass_preserving,location1|r300y_p0.6_d3h|0,reliable,2.0874659744909683,reliable,,,prediction,target,0.05,2.0679421424865723,2.410496950149536,0.34255480766296387,0.0,0.06430366028134231,0.027310596939957094,0.1356794987885759,0.018857506083584274
seed123|batch3|sample1|location1|r300y_p0.6_d3h|6,seed123,phase25_target_wet_recall_seed123_40e,runs\phase25_target_wet_recall_seed123_40e,runs\phase25_target_wet_recall_seed123_40e\evaluation_test\test_batch_0003\forecast_maps.npz,runs\phase25_target_wet_recall_seed123_40e\evaluation_test\test_batch_0003\summary.json,3,1,test,location1,r300y_p0.6_d3h,6,12,12,mass_preserving,location1|r300y_p0.6_d3h|6,reliable,0.9651871969651323,reliable,,,prediction,target,0.05,2.0679421424865723,2.313910961151123,0.24596881866455078,0.0,0.05237152172022917,0.01958120269858121,0.06004955545838799,0.015594289692735193
seed123|batch4|sample0|location1|r300y_p0.6_d3h|12,seed123,phase25_target_wet_recall_seed123_40e,runs\phase25_target_wet_recall_seed123_40e,runs\phase25_target_wet_recall_seed123_40e\evaluation_test\test_batch_0004\forecast_maps.npz,runs\phase25_target_wet_recall_seed123_40e\evaluation_test\test_batch_0004\summary.json,4,0,test,location1,r300y_p0.6_d3h,12,12,12,mass_preserving,location1|r300y_p0.6_d3h|12,reliable,0.621095085144043,reliable,,,prediction,target,0.05,2.012298345565796,2.3811800479888916,0.3688817024230957,0.0,0.048506344963717335,0.016868488527104226,0.028219255491982766,0.027974853530131794
seed123|batch4|sample1|location1|r300y_p0.8_d3h|0,seed123,phase25_target_wet_recall_seed123_40e,runs\phase25_target_wet_recall_seed123_40e,runs\phase25_target_wet_recall_seed123_40e\evaluation_test\test_batch_0004\forecast_maps.npz,runs\phase25_target_wet_recall_seed123_40e\evaluation_test\test_batch_0004\summary.json,4,1,test,location1,r300y_p0.8_d3h,0,12,12,mass_preserving,location1|r300y_p0.8_d3h|0,reliable,1.9011268845389218,reliable,,,prediction,target,0.05,2.071625232696533,2.3767776489257812,0.30515241622924805,0.0,0.06426307772852746,0.026477914488432095,0.13892957167450345,0.026647388213508868
seed123|batch5|sample0|location1|r300y_p0.8_d3h|6,seed123,phase25_target_wet_recall_seed123_40e,runs\phase25_target_wet_recall_seed123_40e,runs\phase25_target_wet_recall_seed123_40e\evaluation_test\test_batch_0005\forecast_maps.npz,runs\phase25_target_wet_recall_seed123_40e\evaluation_test\test_batch_0005\summary.json,5,0,test,location1,r300y_p0.8_d3h,6,12,12,mass_preserving,location1|r300y_p0.8_d3h|6,reliable,1.524861540874766,reliable,,,prediction,target,0.05,2.071625232696533,2.457916498184204,0.3862912654876709,0.0,0.0676864564050393,0.02590285635404153,0.08715443543910292,0.023265661975339396
seed123|batch5|sample1|location1|r300y_p0.8_d3h|12,seed123,phase25_target_wet_recall_seed123_40e,runs\phase25_target_wet_recall_seed123_40e,runs\phase25_target_wet_recall_seed123_40e\evaluation_test\test_batch_0005\forecast_maps.npz,runs\phase25_target_wet_recall_seed123_40e\evaluation_test\test_batch_0005\summary.json,5,1,test,location1,r300y_p0.8_d3h,12,12,12,mass_preserving,location1|r300y_p0.8_d3h|12,reliable,0.6536856333414713,reliable,,,prediction,target,0.05,2.0355610847473145,2.3451015949249268,0.3095405101776123,0.0,0.05231348714147029,0.018707149393705408,0.032373857094480187,0.030740133350890004
seed123|batch6|sample0|location2|r100y_p0.5_d3h|0,seed123,phase25_target_wet_recall_seed123_40e,runs\phase25_target_wet_recall_seed123_40e,runs\phase25_target_wet_recall_seed123_40e\evaluation_test\test_batch_0006\forecast_maps.npz,runs\phase25_target_wet_recall_seed123_40e\evaluation_test\test_batch_0006\summary.json,6,0,test,location2,r100y_p0.5_d3h,0,12,12,mass_preserving,location2|r100y_p0.5_d3h|0,caution,4.875056307873177,caution,,,prediction,target,0.05,2.62091064453125,1.3791407346725464,-1.2417699098587036,1.2417699098587036,0.07506534205938728,0.016251181625767885,0.2281342131124526,0.0071835141092990865
seed123|batch6|sample1|location2|r100y_p0.5_d3h|6,seed123,phase25_target_wet_recall_seed123_40e,runs\phase25_target_wet_recall_seed123_40e,runs\phase25_target_wet_recall_seed123_40e\evaluation_test\test_batch_0006\forecast_maps.npz,runs\phase25_target_wet_recall_seed123_40e\evaluation_test\test_batch_0006\summary.json,6,1,test,location2,r100y_p0.5_d3h,6,12,12,mass_preserving,location2|r100y_p0.5_d3h|6,reliable,2.1906860995516206,reliable,,,prediction,target,0.05,1.6813663244247437,1.2316200733184814,-0.4497462511062622,0.4497462511062622,0.03927536968087014,0.0089842028035076,0.09787548884895889,0.00871507424644798
seed123|batch7|sample0|location2|r100y_p0.5_d3h|12,seed123,phase25_target_wet_recall_seed123_40e,runs\phase25_target_wet_recall_seed123_40e,runs\phase25_target_wet_recall_seed123_40e\evaluation_test\test_batch_0007\forecast_maps.npz,runs\phase25_target_wet_recall_seed123_40e\evaluation_test\test_batch_0007\summary.json,7,0,test,location2,r100y_p0.5_d3h,12,12,12,mass_preserving,location2|r100y_p0.5_d3h|12,reliable,1.505871785693065,reliable,,,prediction,target,0.05,0.9571658968925476,1.2732096910476685,0.31604379415512085,0.0,0.029506285175308594,0.007542953314992676,0.05723753577345986,0.010033215945759571
seed123|batch7|sample1|location2|r200y_p0.5_d3h|0,seed123,phase25_target_wet_recall_seed123_40e,runs\phase25_target_wet_recall_seed123_40e,runs\phase25_target_wet_recall_seed123_40e\evaluation_test\test_batch_0007\forecast_maps.npz,runs\phase25_target_wet_recall_seed123_40e\evaluation_test\test_batch_0007\summary.json,7,1,test,location2,r200y_p0.5_d3h,0,12,12,mass_preserving,location2|r200y_p0.5_d3h|0,high-risk,5.706091864202834,high-risk,,,prediction,target,0.05,2.6825506687164307,1.3884731531143188,-1.2940775156021118,1.2940775156021118,0.08183685439278417,0.017845262986343063,0.29608061244520056,0.003639873155935475
seed123|batch8|sample0|location2|r200y_p0.5_d3h|6,seed123,phase25_target_wet_recall_seed123_40e,runs\phase25_target_wet_recall_seed123_40e,runs\phase25_target_wet_recall_seed123_40e\evaluation_test\test_batch_0008\forecast_maps.npz,runs\phase25_target_wet_recall_seed123_40e\evaluation_test\test_batch_0008\summary.json,8,0,test,location2,r200y_p0.5_d3h,6,12,12,mass_preserving,location2|r200y_p0.5_d3h|6,caution,2.6090016171739077,caution,,,prediction,target,0.05,1.7939974069595337,1.246626615524292,-0.5473707914352417,0.5473707914352417,0.04577639578236287,0.010342808318142913,0.11314219742158937,0.0060629168590975975
seed123|batch8|sample1|location2|r200y_p0.5_d3h|12,seed123,phase25_target_wet_recall_seed123_40e,runs\phase25_target_wet_recall_seed123_40e,runs\phase25_target_wet_recall_seed123_40e\evaluation_test\test_batch_0008\forecast_maps.npz,runs\phase25_target_wet_recall_seed123_40e\evaluation_test\test_batch_0008\summary.json,8,1,test,location2,r200y_p0.5_d3h,12,12,12,mass_preserving,location2|r200y_p0.5_d3h|12,reliable,1.5345347097721476,reliable,,,prediction,target,0.05,1.1040637493133545,1.3046873807907104,0.20062363147735596,0.0,0.03561502671891865,0.008246044474733689,0.06645358902650153,0.0080486940703018
seed123|batch9|sample0|location2|r300y_p0.6_d3h|0,seed123,phase25_target_wet_recall_seed123_40e,runs\phase25_target_wet_recall_seed123_40e,runs\phase25_target_wet_recall_seed123_40e\evaluation_test\test_batch_0009\forecast_maps.npz,runs\phase25_target_wet_recall_seed123_40e\evaluation_test\test_batch_0009\summary.json,9,0,test,location2,r300y_p0.6_d3h,0,12,12,mass_preserving,location2|r300y_p0.6_d3h|0,high-risk,8.063778048536216,high-risk,,,prediction,target,0.05,2.7899465560913086,1.3925182819366455,-1.397428274154663,1.397428274154663,0.09262999248498924,0.02148813782229982,0.24625834676490904,0.012106942801669308
seed123|batch9|sample1|location2|r300y_p0.6_d3h|6,seed123,phase25_target_wet_recall_seed123_40e,runs\phase25_target_wet_recall_seed123_40e,runs\phase25_target_wet_recall_seed123_40e\evaluation_test\test_batch_0009\forecast_maps.npz,runs\phase25_target_wet_recall_seed123_40e\evaluation_test\test_batch_0009\summary.json,9,1,test,location2,r300y_p0.6_d3h,6,12,12,mass_preserving,location2|r300y_p0.6_d3h|6,caution,3.8519024533100814,caution,caution,Selected as a representative caution-labeled case closest to the caution risk midpoint with stable tie-breaks.,prediction,target,0.05,2.03947114944458,1.5870156288146973,-0.4524555206298828,0.4524555206298828,0.058766372931243545,0.014942937587808786,0.07231608116563869,0.02268890794462332
seed123|batch10|sample0|location2|r300y_p0.6_d3h|12,seed123,phase25_target_wet_recall_seed123_40e,runs\phase25_target_wet_recall_seed123_40e,runs\phase25_target_wet_recall_seed123_40e\evaluation_test\test_batch_0010\forecast_maps.npz,runs\phase25_target_wet_recall_seed123_40e\evaluation_test\test_batch_0010\summary.json,10,0,test,location2,r300y_p0.6_d3h,12,12,12,mass_preserving,location2|r300y_p0.6_d3h|12,caution,3.233023843186218,caution,,,prediction,target,0.05,1.178109884262085,1.4308339357376099,0.2527240514755249,0.0,0.04173057296407282,0.010031837660171775,0.034838553046856034,0.01555449381536338
seed123|batch10|sample1|location2|r300y_p0.6_d3h|18,seed123,phase25_target_wet_recall_seed123_40e,runs\phase25_target_wet_recall_seed123_40e,runs\phase25_target_wet_recall_seed123_40e\evaluation_test\test_batch_0010\forecast_maps.npz,runs\phase25_target_wet_recall_seed123_40e\evaluation_test\test_batch_0010\summary.json,10,1,test,location2,r300y_p0.6_d3h,18,12,12,mass_preserving,location2|r300y_p0.6_d3h|18,caution,3.393198537664933,caution,,,prediction,target,0.05,1.0229902267456055,1.3436375856399536,0.32064735889434814,0.0,0.028941009311682274,0.006488849720272587,0.033266594794393964,0.00869473739578676
seed123|batch11|sample0|location2|r300y_p0.6_d3h|24,seed123,phase25_target_wet_recall_seed123_40e,runs\phase25_target_wet_recall_seed123_40e,runs\phase25_target_wet_recall_seed123_40e\evaluation_test\test_batch_0011\forecast_maps.npz,runs\phase25_target_wet_recall_seed123_40e\evaluation_test\test_batch_0011\summary.json,11,0,test,location2,r300y_p0.6_d3h,24,12,12,mass_preserving,location2|r300y_p0.6_d3h|24,caution,3.3117061219129367,caution,,,prediction,target,0.05,0.9036679267883301,1.2580430507659912,0.35437512397766113,0.0,0.02352455781172061,0.00581915037870144,0.04184983295234746,0.004268781328402848
seed123|batch11|sample1|location2|r300y_p0.8_d3h|0,seed123,phase25_target_wet_recall_seed123_40e,runs\phase25_target_wet_recall_seed123_40e,runs\phase25_target_wet_recall_seed123_40e\evaluation_test\test_batch_0011\forecast_maps.npz,runs\phase25_target_wet_recall_seed123_40e\evaluation_test\test_batch_0011\summary.json,11,1,test,location2,r300y_p0.8_d3h,0,12,12,mass_preserving,location2|r300y_p0.8_d3h|0,high-risk,8.73513925840442,high-risk,high-risk,"Selected as a high-risk case, prioritizing Phase-13-like location2+r300y evidence and then stronger risk evidence.",prediction,target,0.05,2.8395590782165527,1.301626443862915,-1.5379326343536377,1.5379326343536377,0.09028493866145534,0.020684121606168553,0.3942146917846394,0.007029876977152899
seed123|batch12|sample0|location2|r300y_p0.8_d3h|6,seed123,phase25_target_wet_recall_seed123_40e,runs\phase25_target_wet_recall_seed123_40e,runs\phase25_target_wet_recall_seed123_40e\evaluation_test\test_batch_0012\forecast_maps.npz,runs\phase25_target_wet_recall_seed123_40e\evaluation_test\test_batch_0012\summary.json,12,0,test,location2,r300y_p0.8_d3h,6,12,12,mass_preserving,location2|r300y_p0.8_d3h|6,high-risk,6.4048322225375305,high-risk,,,prediction,target,0.05,2.4863128662109375,1.4924163818359375,-0.993896484375,0.993896484375,0.06884804832897654,0.015218189681512298,0.20642706131078223,0.007847042206263564
seed123|batch12|sample1|location2|r300y_p0.8_d3h|12,seed123,phase25_target_wet_recall_seed123_40e,runs\phase25_target_wet_recall_seed123_40e,runs\phase25_target_wet_recall_seed123_40e\evaluation_test\test_batch_0012\forecast_maps.npz,runs\phase25_target_wet_recall_seed123_40e\evaluation_test\test_batch_0012\summary.json,12,1,test,location2,r300y_p0.8_d3h,12,12,12,mass_preserving,location2|r300y_p0.8_d3h|12,caution,3.48738920559396,caution,,,prediction,target,0.05,1.1866930723190308,1.3601042032241821,0.17341113090515137,0.0,0.03797824220703957,0.008759494614561708,0.04876893939393939,0.007940051020408163
seed123|batch13|sample0|location3|r100y_p0.5_d3h|0,seed123,phase25_target_wet_recall_seed123_40e,runs\phase25_target_wet_recall_seed123_40e,runs\phase25_target_wet_recall_seed123_40e\evaluation_test\test_batch_0013\forecast_maps.npz,runs\phase25_target_wet_recall_seed123_40e\evaluation_test\test_batch_0013\summary.json,13,0,test,location3,r100y_p0.5_d3h,0,12,12,mass_preserving,location3|r100y_p0.5_d3h|0,reliable,1.1353644409186099,reliable,,,prediction,target,0.05,1.866689920425415,2.1243042945861816,0.2576143741607666,0.0,0.055919135952102204,0.02167744135306728,0.08135286544416995,0.03136374196546116
seed123|batch13|sample1|location3|r100y_p0.5_d3h|6,seed123,phase25_target_wet_recall_seed123_40e,runs\phase25_target_wet_recall_seed123_40e,runs\phase25_target_wet_recall_seed123_40e\evaluation_test\test_batch_0013\forecast_maps.npz,runs\phase25_target_wet_recall_seed123_40e\evaluation_test\test_batch_0013\summary.json,13,1,test,location3,r100y_p0.5_d3h,6,12,12,mass_preserving,location3|r100y_p0.5_d3h|6,reliable,0.23370692071096733,reliable,,,prediction,target,0.05,1.866689920425415,2.0942914485931396,0.2276015281677246,0.0,0.05063147100513747,0.017773624061326886,0.0364674501958823,0.024887900170322223
seed123|batch14|sample0|location3|r100y_p0.5_d3h|12,seed123,phase25_target_wet_recall_seed123_40e,runs\phase25_target_wet_recall_seed123_40e,runs\phase25_target_wet_recall_seed123_40e\evaluation_test\test_batch_0014\forecast_maps.npz,runs\phase25_target_wet_recall_seed123_40e\evaluation_test\test_batch_0014\summary.json,14,0,test,location3,r100y_p0.5_d3h,12,12,12,mass_preserving,location3|r100y_p0.5_d3h|12,reliable,0.191398286819458,reliable,,,prediction,target,0.05,1.7803488969802856,2.1752817630767822,0.3949328660964966,0.0,0.05325938254245315,0.018212795333483498,0.022430881585811163,0.029757123079289658
seed123|batch14|sample1|location3|r200y_p0.5_d3h|0,seed123,phase25_target_wet_recall_seed123_40e,runs\phase25_target_wet_recall_seed123_40e,runs\phase25_target_wet_recall_seed123_40e\evaluation_test\test_batch_0014\forecast_maps.npz,runs\phase25_target_wet_recall_seed123_40e\evaluation_test\test_batch_0014\summary.json,14,1,test,location3,r200y_p0.5_d3h,0,12,12,mass_preserving,location3|r200y_p0.5_d3h|0,reliable,1.4346567777441823,reliable,,,prediction,target,0.05,1.9122755527496338,2.1311488151550293,0.2188732624053955,0.0,0.057310074441214436,0.02182550334525323,0.10899101885054446,0.021069604298151145
seed123|batch15|sample0|location3|r200y_p0.5_d3h|6,seed123,phase25_target_wet_recall_seed123_40e,runs\phase25_target_wet_recall_seed123_40e,runs\phase25_target_wet_recall_seed123_40e\evaluation_test\test_batch_0015\forecast_maps.npz,runs\phase25_target_wet_recall_seed123_40e\evaluation_test\test_batch_0015\summary.json,15,0,test,location3,r200y_p0.5_d3h,6,12,12,mass_preserving,location3|r200y_p0.5_d3h|6,reliable,0.368498985219633,reliable,,,prediction,target,0.05,1.9122755527496338,2.1150777339935303,0.20280218124389648,0.0,0.05097768793486776,0.017995499468344844,0.044179246028609814,0.01924087284445015
seed123|batch15|sample1|location3|r200y_p0.5_d3h|12,seed123,phase25_target_wet_recall_seed123_40e,runs\phase25_target_wet_recall_seed123_40e,runs\phase25_target_wet_recall_seed123_40e\evaluation_test\test_batch_0015\forecast_maps.npz,runs\phase25_target_wet_recall_seed123_40e\evaluation_test\test_batch_0015\summary.json,15,1,test,location3,r200y_p0.5_d3h,12,12,12,mass_preserving,location3|r200y_p0.5_d3h|12,reliable,0.19468886057535806,reliable,,,prediction,target,0.05,1.820621371269226,2.1923718452453613,0.37175047397613525,0.0,0.05243112275909543,0.01796216305815341,0.02486063657615537,0.024104746392603977
seed123|batch16|sample0|location3|r300y_p0.6_d3h|0,seed123,phase25_target_wet_recall_seed123_40e,runs\phase25_target_wet_recall_seed123_40e,runs\phase25_target_wet_recall_seed123_40e\evaluation_test\test_batch_0016\forecast_maps.npz,runs\phase25_target_wet_recall_seed123_40e\evaluation_test\test_batch_0016\summary.json,16,0,test,location3,r300y_p0.6_d3h,0,12,12,mass_preserving,location3|r300y_p0.6_d3h|0,caution,2.5714470294240046,caution,,,prediction,target,0.05,1.9415950775146484,2.147136688232422,0.20554161071777344,0.0,0.0651959763581416,0.02538616786802528,0.14960726558664703,0.025265827724124477
seed123|batch16|sample1|location3|r300y_p0.6_d3h|6,seed123,phase25_target_wet_recall_seed123_40e,runs\phase25_target_wet_recall_seed123_40e,runs\phase25_target_wet_recall_seed123_40e\evaluation_test\test_batch_0016\forecast_maps.npz,runs\phase25_target_wet_recall_seed123_40e\evaluation_test\test_batch_0016\summary.json,16,1,test,location3,r300y_p0.6_d3h,6,12,12,mass_preserving,location3|r300y_p0.6_d3h|6,reliable,1.0564304543847196,reliable,,,prediction,target,0.05,1.9415950775146484,2.0781471729278564,0.136552095413208,0.0,0.05624913496484012,0.019520387783439935,0.052525252525252523,0.015736061465138257
seed123|batch17|sample0|location3|r300y_p0.6_d3h|12,seed123,phase25_target_wet_recall_seed123_40e,runs\phase25_target_wet_recall_seed123_40e,runs\phase25_target_wet_recall_seed123_40e\evaluation_test\test_batch_0017\forecast_maps.npz,runs\phase25_target_wet_recall_seed123_40e\evaluation_test\test_batch_0017\summary.json,17,0,test,location3,r300y_p0.6_d3h,12,12,12,mass_preserving,location3|r300y_p0.6_d3h|12,reliable,0.6462223370869955,reliable,,,prediction,target,0.05,1.8407260179519653,2.1585915088653564,0.3178654909133911,0.0,0.0522036870820434,0.017498589216272616,0.025908317704017098,0.020370679579228584
seed123|batch17|sample1|location3|r300y_p0.8_d3h|0,seed123,phase25_target_wet_recall_seed123_40e,runs\phase25_target_wet_recall_seed123_40e,runs\phase25_target_wet_recall_seed123_40e\evaluation_test\test_batch_0017\forecast_maps.npz,runs\phase25_target_wet_recall_seed123_40e\evaluation_test\test_batch_0017\summary.json,17,1,test,location3,r300y_p0.8_d3h,0,12,12,mass_preserving,location3|r300y_p0.8_d3h|0,caution,2.5654196492034465,caution,,,prediction,target,0.05,1.9666359424591064,2.110599994659424,0.14396405220031738,0.0,0.06568751367082902,0.025346769056761503,0.1648962148962149,0.02692739612323617
seed123|batch18|sample0|location3|r300y_p0.8_d3h|6,seed123,phase25_target_wet_recall_seed123_40e,runs\phase25_target_wet_recall_seed123_40e,runs\phase25_target_wet_recall_seed123_40e\evaluation_test\test_batch_0018\forecast_maps.npz,runs\phase25_target_wet_recall_seed123_40e\evaluation_test\test_batch_0018\summary.json,18,0,test,location3,r300y_p0.8_d3h,6,12,12,mass_preserving,location3|r300y_p0.8_d3h|6,reliable,1.5198120550530954,reliable,,,prediction,target,0.05,1.9666359424591064,2.223327875137329,0.25669193267822266,0.0,0.07021488569588617,0.024348754076523368,0.06274959325543558,0.024940435469793118
seed123|batch18|sample1|location3|r300y_p0.8_d3h|12,seed123,phase25_target_wet_recall_seed123_40e,runs\phase25_target_wet_recall_seed123_40e,runs\phase25_target_wet_recall_seed123_40e\evaluation_test\test_batch_0018\forecast_maps.npz,runs\phase25_target_wet_recall_seed123_40e\evaluation_test\test_batch_0018\summary.json,18,1,test,location3,r300y_p0.8_d3h,12,12,12,mass_preserving,location3|r300y_p0.8_d3h|12,reliable,0.7537481625874838,reliable,,,prediction,target,0.05,1.8554701805114746,2.1096935272216797,0.2542233467102051,0.0,0.05632711746155501,0.019170255598241443,0.02304682461194479,0.023109183102491476
